n,size,func,p,q,compression,compressed_size,ratio,time
16,2048,sin(0x)cos(0y),0,0,Bzip2,52,0.025390625,9.5016e-5
16,2048,sin(0x)cos(0y),0,0,LZ4Fast,204,0.099609375,7.209e-6
16,2048,sin(0x)cos(0y),0,0,LZ4Frame,202,0.0986328125,1.1566e-5
16,2048,sin(0x)cos(0y),0,0,Xz,88,0.04296875,0.002497807
16,2048,sin(0x)cos(0y),0,0,Zlib,35,0.01708984375,2.0216e-5
16,2048,sin(0x)cos(0y),0,0,Zstd,109,0.05322265625,0.000464441
32,8192,sin(0x)cos(0y),0,0,Bzip2,54,0.006591796875,0.021282811
32,8192,sin(0x)cos(0y),0,0,LZ4Fast,461,0.0562744140625,1.7174e-5
32,8192,sin(0x)cos(0y),0,0,LZ4Frame,378,0.046142578125,6.96e-6
32,8192,sin(0x)cos(0y),0,0,Xz,148,0.01806640625,0.002015424
32,8192,sin(0x)cos(0y),0,0,Zlib,85,0.0103759765625,5.3827e-5
32,8192,sin(0x)cos(0y),0,0,Zstd,135,0.0164794921875,7.9157e-5
64,32768,sin(0x)cos(0y),0,0,Bzip2,58,0.00177001953125,0.002120118
64,32768,sin(0x)cos(0y),0,0,LZ4Fast,1137,0.034698486328125,1.7165e-5
64,32768,sin(0x)cos(0y),0,0,LZ4Frame,730,0.02227783203125,1.012e-5
64,32768,sin(0x)cos(0y),0,0,Xz,200,0.006103515625,0.001689876
64,32768,sin(0x)cos(0y),0,0,Zlib,161,0.004913330078125,0.000109554
64,32768,sin(0x)cos(0y),0,0,Zstd,214,0.00653076171875,0.000464052
128,131072,sin(0x)cos(0y),0,0,Bzip2,61,0.00046539306640625,0.007204578
128,131072,sin(0x)cos(0y),0,0,LZ4Fast,3393,0.02588653564453125,5.1472e-5
128,131072,sin(0x)cos(0y),0,0,LZ4Frame,1703,0.01299285888671875,2.6653e-5
128,131072,sin(0x)cos(0y),0,0,Xz,436,0.003326416015625,0.004435742
128,131072,sin(0x)cos(0y),0,0,Zlib,426,0.0032501220703125,0.000424959
128,131072,sin(0x)cos(0y),0,0,Zstd,418,0.0031890869140625,0.000104703
256,524288,sin(0x)cos(0y),0,0,Bzip2,62,0.000118255615234375,0.029401957
256,524288,sin(0x)cos(0y),0,0,LZ4Fast,11008,0.02099609375,0.000156535
256,524288,sin(0x)cos(0y),0,0,LZ4Frame,4469,0.008523941040039062,3.7416e-5
256,524288,sin(0x)cos(0y),0,0,Xz,964,0.00183868408203125,0.010863817
256,524288,sin(0x)cos(0y),0,0,Zlib,1146,0.002185821533203125,0.001616907
256,524288,sin(0x)cos(0y),0,0,Zstd,906,0.001728057861328125,0.000217251
512,2097152,sin(0x)cos(0y),0,0,Bzip2,63,3.0040740966796875e-5,0.142734362
512,2097152,sin(0x)cos(0y),0,0,LZ4Fast,41472,0.019775390625,0.00066141
512,2097152,sin(0x)cos(0y),0,0,LZ4Frame,13229,0.006308078765869141,0.000114428
512,2097152,sin(0x)cos(0y),0,0,Xz,2304,0.0010986328125,0.030658317
512,2097152,sin(0x)cos(0y),0,0,Zlib,3546,0.0016908645629882812,0.006367446
512,2097152,sin(0x)cos(0y),0,0,Zstd,2521,0.0012021064758300781,0.000894256
1024,8388608,sin(0x)cos(0y),0,0,Bzip2,235,2.8014183044433594e-5,0.53815774
1024,8388608,sin(0x)cos(0y),0,0,LZ4Fast,161792,0.019287109375,0.00289096
1024,8388608,sin(0x)cos(0y),0,0,LZ4Frame,43661,0.00520479679107666,0.027231764
1024,8388608,sin(0x)cos(0y),0,0,Xz,4872,0.0005807876586914062,0.251078347
1024,8388608,sin(0x)cos(0y),0,0,Zlib,12218,0.0014564990997314453,0.025286484
1024,8388608,sin(0x)cos(0y),0,0,Zstd,8147,0.0009711980819702148,0.00313177
2048,33554432,sin(0x)cos(0y),0,0,Bzip2,852,2.5391578674316406e-5,2.242646591
2048,33554432,sin(0x)cos(0y),0,0,LZ4Fast,638976,0.01904296875,0.011799213
2048,33554432,sin(0x)cos(0y),0,0,LZ4Frame,160269,0.00477638840675354,0.024992264
2048,33554432,sin(0x)cos(0y),0,0,Xz,13092,0.00039017200469970703,0.518119746
2048,33554432,sin(0x)cos(0y),0,0,Zlib,44955,0.0013397634029388428,0.099837675
2048,33554432,sin(0x)cos(0y),0,0,Zstd,17948,0.0005348920822143555,0.00773721
4096,134217728,sin(0x)cos(0y),0,0,Bzip2,3286,2.44826078414917e-5,8.175322225
4096,134217728,sin(0x)cos(0y),0,0,LZ4Fast,2539520,0.0189208984375,0.177336937
4096,134217728,sin(0x)cos(0y),0,0,LZ4Frame,595981,0.00444040447473526,0.034719766
4096,134217728,sin(0x)cos(0y),0,0,Xz,36924,0.00027510523796081543,1.615180578
4096,134217728,sin(0x)cos(0y),0,0,Zlib,171027,0.0012742504477500916,0.398765175
4096,134217728,sin(0x)cos(0y),0,0,Zstd,40981,0.0003053322434425354,0.030256289
16,2048,sin(5x)cos(5y),5,5,Bzip2,215,0.10498046875,0.000140179
16,2048,sin(5x)cos(5y),5,5,LZ4Fast,134,0.0654296875,7.48e-6
16,2048,sin(5x)cos(5y),5,5,LZ4Frame,132,0.064453125,9.389e-6
16,2048,sin(5x)cos(5y),5,5,Xz,176,0.0859375,0.001272948
16,2048,sin(5x)cos(5y),5,5,Zlib,121,0.05908203125,3.9757e-5
16,2048,sin(5x)cos(5y),5,5,Zstd,112,0.0546875,8.0303e-5
32,8192,sin(5x)cos(5y),5,5,Bzip2,428,0.05224609375,0.000474019
32,8192,sin(5x)cos(5y),5,5,LZ4Fast,333,0.0406494140625,8.633e-6
32,8192,sin(5x)cos(5y),5,5,LZ4Frame,254,0.031005859375,5.081e-6
32,8192,sin(5x)cos(5y),5,5,Xz,288,0.03515625,0.000970877
32,8192,sin(5x)cos(5y),5,5,Zlib,274,0.033447265625,7.5497e-5
32,8192,sin(5x)cos(5y),5,5,Zstd,206,0.025146484375,8.0672e-5
64,32768,sin(5x)cos(5y),5,5,Bzip2,885,0.027008056640625,0.00408383
64,32768,sin(5x)cos(5y),5,5,LZ4Fast,953,0.029083251953125,1.6871e-5
64,32768,sin(5x)cos(5y),5,5,LZ4Frame,555,0.016937255859375,1.2151e-5
64,32768,sin(5x)cos(5y),5,5,Xz,492,0.0150146484375,0.001334204
64,32768,sin(5x)cos(5y),5,5,Zlib,582,0.01776123046875,0.000155087
64,32768,sin(5x)cos(5y),5,5,Zstd,399,0.012176513671875,7.1875e-5
128,131072,sin(5x)cos(5y),5,5,Bzip2,1717,0.01309967041015625,0.018217826
128,131072,sin(5x)cos(5y),5,5,LZ4Fast,2975,0.02269744873046875,5.1036e-5
128,131072,sin(5x)cos(5y),5,5,LZ4Frame,1360,0.0103759765625,1.3951e-5
128,131072,sin(5x)cos(5y),5,5,Xz,832,0.00634765625,0.004428654
128,131072,sin(5x)cos(5y),5,5,Zlib,1461,0.01114654541015625,0.000421494
128,131072,sin(5x)cos(5y),5,5,Zstd,750,0.0057220458984375,7.3278e-5
256,524288,sin(5x)cos(5y),5,5,Bzip2,3332,0.00635528564453125,0.095767828
256,524288,sin(5x)cos(5y),5,5,LZ4Fast,316606,0.6038780212402344,0.000760164
256,524288,sin(5x)cos(5y),5,5,LZ4Frame,8972,0.01711273193359375,4.9218e-5
256,524288,sin(5x)cos(5y),5,5,Xz,1468,0.00279998779296875,0.008511818
256,524288,sin(5x)cos(5y),5,5,Zlib,4392,0.0083770751953125,0.001596669
256,524288,sin(5x)cos(5y),5,5,Zstd,1624,0.0030975341796875,0.00019079
512,2097152,sin(5x)cos(5y),5,5,Bzip2,21520,0.01026153564453125,0.526782091
512,2097152,sin(5x)cos(5y),5,5,LZ4Fast,1782080,0.849761962890625,0.002428928
512,2097152,sin(5x)cos(5y),5,5,LZ4Frame,66747,0.031827449798583984,0.000650268
512,2097152,sin(5x)cos(5y),5,5,Xz,2864,0.00136566162109375,0.027643389
512,2097152,sin(5x)cos(5y),5,5,Zlib,15351,0.007319927215576172,0.006792254
512,2097152,sin(5x)cos(5y),5,5,Zstd,3494,0.0016660690307617188,0.000483558
1024,8388608,sin(5x)cos(5y),5,5,Bzip2,135265,0.016124844551086426,2.130295948
1024,8388608,sin(5x)cos(5y),5,5,LZ4Fast,7754093,0.924359917640686,0.008123801
1024,8388608,sin(5x)cos(5y),5,5,LZ4Frame,522507,0.06228768825531006,0.001250056
1024,8388608,sin(5x)cos(5y),5,5,Xz,5936,0.0007076263427734375,0.107265275
1024,8388608,sin(5x)cos(5y),5,5,Zlib,59119,0.007047533988952637,0.025808289
1024,8388608,sin(5x)cos(5y),5,5,Zstd,7771,0.0009263753890991211,0.002102809
2048,33554432,sin(5x)cos(5y),5,5,Bzip2,911713,0.027171164751052856,10.728432545
2048,33554432,sin(5x)cos(5y),5,5,LZ4Fast,32422269,0.9662589132785797,0.188020203
2048,33554432,sin(5x)cos(5y),5,5,LZ4Frame,4232204,0.12612950801849365,0.007449076
2048,33554432,sin(5x)cos(5y),5,5,Xz,13720,0.0004088878631591797,0.430408589
2048,33554432,sin(5x)cos(5y),5,5,Zlib,240150,0.007157027721405029,0.106914413
2048,33554432,sin(5x)cos(5y),5,5,Zstd,20421,0.000608593225479126,0.006127899
4096,134217728,sin(5x)cos(5y),5,5,Bzip2,6813880,0.050767362117767334,32.542456175
4096,134217728,sin(5x)cos(5y),5,5,LZ4Fast,132649327,0.9883145019412041,0.40921666
4096,134217728,sin(5x)cos(5y),5,5,LZ4Frame,33878029,0.25241098552942276,0.042992371
4096,134217728,sin(5x)cos(5y),5,5,Xz,36604,0.0002727210521697998,2.205708296
4096,134217728,sin(5x)cos(5y),5,5,Zlib,50707778,0.37780238687992096,1.664126791
4096,134217728,sin(5x)cos(5y),5,5,Zstd,53596,0.0003993213176727295,0.023080184
16,2048,sin(10x)cos(10y),10,10,Bzip2,220,0.107421875,0.000144442
16,2048,sin(10x)cos(10y),10,10,LZ4Fast,140,0.068359375,9.097e-6
16,2048,sin(10x)cos(10y),10,10,LZ4Frame,138,0.0673828125,7.159e-6
16,2048,sin(10x)cos(10y),10,10,Xz,172,0.083984375,0.001295739
16,2048,sin(10x)cos(10y),10,10,Zlib,122,0.0595703125,4.0717e-5
16,2048,sin(10x)cos(10y),10,10,Zstd,110,0.0537109375,7.9754e-5
32,8192,sin(10x)cos(10y),10,10,Bzip2,425,0.0518798828125,0.000473841
32,8192,sin(10x)cos(10y),10,10,LZ4Fast,332,0.04052734375,9.086e-6
32,8192,sin(10x)cos(10y),10,10,LZ4Frame,250,0.030517578125,5.466e-6
32,8192,sin(10x)cos(10y),10,10,Xz,288,0.03515625,0.000958758
32,8192,sin(10x)cos(10y),10,10,Zlib,270,0.032958984375,5.9673e-5
32,8192,sin(10x)cos(10y),10,10,Zstd,202,0.024658203125,7.921e-5
64,32768,sin(10x)cos(10y),10,10,Bzip2,930,0.02838134765625,0.004159682
64,32768,sin(10x)cos(10y),10,10,LZ4Fast,957,0.029205322265625,1.6655e-5
64,32768,sin(10x)cos(10y),10,10,LZ4Frame,559,0.017059326171875,1.7469e-5
64,32768,sin(10x)cos(10y),10,10,Xz,500,0.0152587890625,0.002964288
64,32768,sin(10x)cos(10y),10,10,Zlib,592,0.01806640625,0.000151976
64,32768,sin(10x)cos(10y),10,10,Zstd,400,0.01220703125,0.000459492
128,131072,sin(10x)cos(10y),10,10,Bzip2,1718,0.0131072998046875,0.018463073
128,131072,sin(10x)cos(10y),10,10,LZ4Fast,2971,0.02266693115234375,4.8644e-5
128,131072,sin(10x)cos(10y),10,10,LZ4Frame,1352,0.01031494140625,1.5622e-5
128,131072,sin(10x)cos(10y),10,10,Xz,836,0.006378173828125,0.003140345
128,131072,sin(10x)cos(10y),10,10,Zlib,1469,0.01120758056640625,0.000431252
128,131072,sin(10x)cos(10y),10,10,Zstd,759,0.00579071044921875,9.6095e-5
256,524288,sin(10x)cos(10y),10,10,Bzip2,3325,0.0063419342041015625,0.092991859
256,524288,sin(10x)cos(10y),10,10,LZ4Fast,320212,0.6107559204101562,0.000761888
256,524288,sin(10x)cos(10y),10,10,LZ4Frame,9092,0.01734161376953125,5.6587e-5
256,524288,sin(10x)cos(10y),10,10,Xz,1496,0.0028533935546875,0.008350225
256,524288,sin(10x)cos(10y),10,10,Zlib,4396,0.00838470458984375,0.001876706
256,524288,sin(10x)cos(10y),10,10,Zstd,1612,0.00307464599609375,0.000207865
512,2097152,sin(10x)cos(10y),10,10,Bzip2,21655,0.010325908660888672,0.593297131
512,2097152,sin(10x)cos(10y),10,10,LZ4Fast,1790284,0.8536739349365234,0.002374137
512,2097152,sin(10x)cos(10y),10,10,LZ4Frame,66468,0.03169441223144531,0.000238163
512,2097152,sin(10x)cos(10y),10,10,Xz,2920,0.001392364501953125,0.028187458
512,2097152,sin(10x)cos(10y),10,10,Zlib,15360,0.00732421875,0.006604547
512,2097152,sin(10x)cos(10y),10,10,Zstd,3527,0.0016818046569824219,0.000870099
1024,8388608,sin(10x)cos(10y),10,10,Bzip2,134293,0.016008973121643066,2.203822057
1024,8388608,sin(10x)cos(10y),10,10,LZ4Fast,7780728,0.9275350570678711,0.008174579
1024,8388608,sin(10x)cos(10y),10,10,LZ4Frame,522764,0.06231832504272461,0.001256982
1024,8388608,sin(10x)cos(10y),10,10,Xz,6048,0.000720977783203125,0.109235083
1024,8388608,sin(10x)cos(10y),10,10,Zlib,59129,0.0070487260818481445,0.026434899
1024,8388608,sin(10x)cos(10y),10,10,Zstd,7762,0.0009253025054931641,0.001636926
2048,33554432,sin(10x)cos(10y),10,10,Bzip2,916509,0.027314096689224243,8.248636502
2048,33554432,sin(10x)cos(10y),10,10,LZ4Fast,32446847,0.9669913947582245,0.054124106
2048,33554432,sin(10x)cos(10y),10,10,LZ4Frame,4222732,0.1258472204208374,0.140609752
2048,33554432,sin(10x)cos(10y),10,10,Xz,13976,0.0004165172576904297,0.445654759
2048,33554432,sin(10x)cos(10y),10,10,Zlib,240192,0.0071582794189453125,0.105729344
2048,33554432,sin(10x)cos(10y),10,10,Zstd,20466,0.0006099343299865723,0.006079595
4096,134217728,sin(10x)cos(10y),10,10,Bzip2,6925154,0.051596418023109436,32.77976375
4096,134217728,sin(10x)cos(10y),10,10,LZ4Fast,132632938,0.9881923943758011,0.416826391
4096,134217728,sin(10x)cos(10y),10,10,LZ4Frame,33887243,0.2524796351790428,0.044546727
4096,134217728,sin(10x)cos(10y),10,10,Xz,37144,0.00027674436569213867,2.215150852
4096,134217728,sin(10x)cos(10y),10,10,Zlib,52405239,0.3904494568705559,1.703629277
4096,134217728,sin(10x)cos(10y),10,10,Zstd,53661,0.00039980560541152954,0.022967017
16,2048,sin(15x)cos(15y),15,15,Bzip2,221,0.10791015625,0.000145982
16,2048,sin(15x)cos(15y),15,15,LZ4Fast,139,0.06787109375,7.063e-6
16,2048,sin(15x)cos(15y),15,15,LZ4Frame,137,0.06689453125,7.797e-6
16,2048,sin(15x)cos(15y),15,15,Xz,180,0.087890625,0.001260858
16,2048,sin(15x)cos(15y),15,15,Zlib,126,0.0615234375,3.902e-5
16,2048,sin(15x)cos(15y),15,15,Zstd,115,0.05615234375,8.0687e-5
32,8192,sin(15x)cos(15y),15,15,Bzip2,415,0.0506591796875,0.000471276
32,8192,sin(15x)cos(15y),15,15,LZ4Fast,329,0.0401611328125,9.445e-6
32,8192,sin(15x)cos(15y),15,15,LZ4Frame,250,0.030517578125,6.789e-6
32,8192,sin(15x)cos(15y),15,15,Xz,288,0.03515625,0.001749835
32,8192,sin(15x)cos(15y),15,15,Zlib,269,0.0328369140625,5.9088e-5
32,8192,sin(15x)cos(15y),15,15,Zstd,202,0.024658203125,8.0803e-5
64,32768,sin(15x)cos(15y),15,15,Bzip2,905,0.027618408203125,0.004134872
64,32768,sin(15x)cos(15y),15,15,LZ4Fast,948,0.0289306640625,1.6429e-5
64,32768,sin(15x)cos(15y),15,15,LZ4Frame,550,0.01678466796875,1.9365e-5
64,32768,sin(15x)cos(15y),15,15,Xz,492,0.0150146484375,0.002333489
64,32768,sin(15x)cos(15y),15,15,Zlib,583,0.017791748046875,0.000127079
64,32768,sin(15x)cos(15y),15,15,Zstd,394,0.01202392578125,0.000628481
128,131072,sin(15x)cos(15y),15,15,Bzip2,1718,0.0131072998046875,0.018301841
128,131072,sin(15x)cos(15y),15,15,LZ4Fast,2985,0.02277374267578125,4.7204e-5
128,131072,sin(15x)cos(15y),15,15,LZ4Frame,1366,0.0104217529296875,1.7827e-5
128,131072,sin(15x)cos(15y),15,15,Xz,848,0.0064697265625,0.003593179
128,131072,sin(15x)cos(15y),15,15,Zlib,1474,0.0112457275390625,0.000528748
128,131072,sin(15x)cos(15y),15,15,Zstd,796,0.006072998046875,9.5484e-5
256,524288,sin(15x)cos(15y),15,15,Bzip2,3344,0.006378173828125,0.101334399
256,524288,sin(15x)cos(15y),15,15,LZ4Fast,314570,0.5999946594238281,0.000757087
256,524288,sin(15x)cos(15y),15,15,LZ4Frame,8976,0.017120361328125,5.1519e-5
256,524288,sin(15x)cos(15y),15,15,Xz,1508,0.00287628173828125,0.009073314
256,524288,sin(15x)cos(15y),15,15,Zlib,4401,0.008394241333007812,0.001618685
256,524288,sin(15x)cos(15y),15,15,Zstd,1612,0.00307464599609375,0.000196245
512,2097152,sin(15x)cos(15y),15,15,Bzip2,21683,0.01033926010131836,0.581364412
512,2097152,sin(15x)cos(15y),15,15,LZ4Fast,1792316,0.8546428680419922,0.002436141
512,2097152,sin(15x)cos(15y),15,15,LZ4Frame,76071,0.03627347946166992,0.000276232
512,2097152,sin(15x)cos(15y),15,15,Xz,2932,0.0013980865478515625,0.028865275
512,2097152,sin(15x)cos(15y),15,15,Zlib,15394,0.007340431213378906,0.006379887
512,2097152,sin(15x)cos(15y),15,15,Zstd,3517,0.0016770362854003906,0.000609766
1024,8388608,sin(15x)cos(15y),15,15,Bzip2,134529,0.01603710651397705,2.405427457
1024,8388608,sin(15x)cos(15y),15,15,LZ4Fast,7827781,0.933144211769104,0.007881051
1024,8388608,sin(15x)cos(15y),15,15,LZ4Frame,530956,0.06329488754272461,0.001159782
1024,8388608,sin(15x)cos(15y),15,15,Xz,6100,0.0007271766662597656,0.108713067
1024,8388608,sin(15x)cos(15y),15,15,Zlib,59188,0.007055759429931641,0.026588845
1024,8388608,sin(15x)cos(15y),15,15,Zstd,7844,0.0009350776672363281,0.001678659
2048,33554432,sin(15x)cos(15y),15,15,Bzip2,927981,0.027655988931655884,10.058968659
2048,33554432,sin(15x)cos(15y),15,15,LZ4Fast,32481652,0.9680286645889282,0.054322904
2048,33554432,sin(15x)cos(15y),15,15,LZ4Frame,4236045,0.1262439787387848,0.140608598
2048,33554432,sin(15x)cos(15y),15,15,Xz,14124,0.0004209280014038086,0.450071327
2048,33554432,sin(15x)cos(15y),15,15,Zlib,240258,0.0071602463722229,0.105648383
2048,33554432,sin(15x)cos(15y),15,15,Zstd,20497,0.0006108582019805908,0.006060419
4096,134217728,sin(15x)cos(15y),15,15,Bzip2,6870954,0.051192596554756165,32.809562136
4096,134217728,sin(15x)cos(15y),15,15,LZ4Fast,132837690,0.9897179156541824,0.40717507
4096,134217728,sin(15x)cos(15y),15,15,LZ4Frame,33928203,0.2527848109602928,0.045742679
4096,134217728,sin(15x)cos(15y),15,15,Xz,37556,0.0002798140048980713,2.251569753
4096,134217728,sin(15x)cos(15y),15,15,Zlib,53617657,0.39948267489671707,1.747255087
4096,134217728,sin(15x)cos(15y),15,15,Zstd,54625,0.0004069879651069641,0.022720653
16,2048,sin(20x)cos(20y),20,20,Bzip2,213,0.10400390625,0.000146947
16,2048,sin(20x)cos(20y),20,20,LZ4Fast,137,0.06689453125,6.865e-6
16,2048,sin(20x)cos(20y),20,20,LZ4Frame,135,0.06591796875,7.613e-6
16,2048,sin(20x)cos(20y),20,20,Xz,172,0.083984375,0.001717435
16,2048,sin(20x)cos(20y),20,20,Zlib,118,0.0576171875,3.9002e-5
16,2048,sin(20x)cos(20y),20,20,Zstd,113,0.05517578125,8.2751e-5
32,8192,sin(20x)cos(20y),20,20,Bzip2,435,0.0531005859375,0.000469852
32,8192,sin(20x)cos(20y),20,20,LZ4Fast,336,0.041015625,8.506e-6
32,8192,sin(20x)cos(20y),20,20,LZ4Frame,257,0.0313720703125,5.766e-6
32,8192,sin(20x)cos(20y),20,20,Xz,292,0.03564453125,0.001567922
32,8192,sin(20x)cos(20y),20,20,Zlib,275,0.0335693359375,6.2275e-5
32,8192,sin(20x)cos(20y),20,20,Zstd,210,0.025634765625,7.7403e-5
64,32768,sin(20x)cos(20y),20,20,Bzip2,895,0.027313232421875,0.004032472
64,32768,sin(20x)cos(20y),20,20,LZ4Fast,949,0.028961181640625,1.6219e-5
64,32768,sin(20x)cos(20y),20,20,LZ4Frame,558,0.01702880859375,9.58e-6
64,32768,sin(20x)cos(20y),20,20,Xz,488,0.014892578125,0.001862366
64,32768,sin(20x)cos(20y),20,20,Zlib,582,0.01776123046875,0.000151662
64,32768,sin(20x)cos(20y),20,20,Zstd,390,0.01190185546875,7.1402e-5
128,131072,sin(20x)cos(20y),20,20,Bzip2,1702,0.0129852294921875,0.018478928
128,131072,sin(20x)cos(20y),20,20,LZ4Fast,2968,0.02264404296875,4.8562e-5
128,131072,sin(20x)cos(20y),20,20,LZ4Frame,1352,0.01031494140625,1.7394e-5
128,131072,sin(20x)cos(20y),20,20,Xz,844,0.006439208984375,0.002656308
128,131072,sin(20x)cos(20y),20,20,Zlib,1464,0.01116943359375,0.000535063
128,131072,sin(20x)cos(20y),20,20,Zstd,756,0.005767822265625,9.6176e-5
256,524288,sin(20x)cos(20y),20,20,Bzip2,3330,0.006351470947265625,0.099225105
256,524288,sin(20x)cos(20y),20,20,LZ4Fast,323983,0.6179485321044922,0.000769195
256,524288,sin(20x)cos(20y),20,20,LZ4Frame,8884,0.01694488525390625,5.3063e-5
256,524288,sin(20x)cos(20y),20,20,Xz,1504,0.00286865234375,0.008283536
256,524288,sin(20x)cos(20y),20,20,Zlib,4403,0.008398056030273438,0.001687389
256,524288,sin(20x)cos(20y),20,20,Zstd,1617,0.0030841827392578125,0.000208711
512,2097152,sin(20x)cos(20y),20,20,Bzip2,21600,0.0102996826171875,0.548787405
512,2097152,sin(20x)cos(20y),20,20,LZ4Fast,1795386,0.8561067581176758,0.002388816
512,2097152,sin(20x)cos(20y),20,20,LZ4Frame,94792,0.045200347900390625,0.000322371
512,2097152,sin(20x)cos(20y),20,20,Xz,2944,0.00140380859375,0.02848868
512,2097152,sin(20x)cos(20y),20,20,Zlib,15388,0.0073375701904296875,0.006389526
512,2097152,sin(20x)cos(20y),20,20,Zstd,3557,0.0016961097717285156,0.000606599
1024,8388608,sin(20x)cos(20y),20,20,Bzip2,134352,0.016016006469726562,2.206821184
1024,8388608,sin(20x)cos(20y),20,20,LZ4Fast,7752065,0.924118161201477,0.008166765
1024,8388608,sin(20x)cos(20y),20,20,LZ4Frame,521483,0.06216561794281006,0.001192562
1024,8388608,sin(20x)cos(20y),20,20,Xz,6100,0.0007271766662597656,0.110082352
1024,8388608,sin(20x)cos(20y),20,20,Zlib,59156,0.007051944732666016,0.026335167
1024,8388608,sin(20x)cos(20y),20,20,Zstd,7759,0.0009249448776245117,0.001664544
2048,33554432,sin(20x)cos(20y),20,20,Bzip2,916272,0.02730703353881836,8.248071251
2048,33554432,sin(20x)cos(20y),20,20,LZ4Fast,32444793,0.9669301807880402,0.05447244
2048,33554432,sin(20x)cos(20y),20,20,LZ4Frame,4231436,0.1261066198348999,0.138838262
2048,33554432,sin(20x)cos(20y),20,20,Xz,14240,0.00042438507080078125,0.453117892
2048,33554432,sin(20x)cos(20y),20,20,Zlib,240246,0.007159888744354248,0.107018889
2048,33554432,sin(20x)cos(20y),20,20,Zstd,17647,0.0005259215831756592,0.007226378
4096,134217728,sin(20x)cos(20y),20,20,Bzip2,6991007,0.05208706110715866,32.747024356
4096,134217728,sin(20x)cos(20y),20,20,LZ4Fast,132579693,0.9877956882119179,0.4082712
4096,134217728,sin(20x)cos(20y),20,20,LZ4Frame,33880076,0.25242623686790466,0.044163429
4096,134217728,sin(20x)cos(20y),20,20,Xz,37656,0.00028055906295776367,2.261137123
4096,134217728,sin(20x)cos(20y),20,20,Zlib,53176383,0.3961949273943901,1.706046241
4096,134217728,sin(20x)cos(20y),20,20,Zstd,53602,0.00039936602115631104,0.023067443
16,2048,sin(25x)cos(25y),25,25,Bzip2,216,0.10546875,0.000145494
16,2048,sin(25x)cos(25y),25,25,LZ4Fast,135,0.06591796875,7.613e-6
16,2048,sin(25x)cos(25y),25,25,LZ4Frame,133,0.06494140625,7.25e-6
16,2048,sin(25x)cos(25y),25,25,Xz,176,0.0859375,0.001244114
16,2048,sin(25x)cos(25y),25,25,Zlib,123,0.06005859375,3.9668e-5
16,2048,sin(25x)cos(25y),25,25,Zstd,113,0.05517578125,8.014e-5
32,8192,sin(25x)cos(25y),25,25,Bzip2,427,0.0521240234375,0.000491688
32,8192,sin(25x)cos(25y),25,25,LZ4Fast,338,0.041259765625,7.797e-6
32,8192,sin(25x)cos(25y),25,25,LZ4Frame,259,0.0316162109375,5.529e-6
32,8192,sin(25x)cos(25y),25,25,Xz,296,0.0361328125,0.001690135
32,8192,sin(25x)cos(25y),25,25,Zlib,273,0.0333251953125,6.2867e-5
32,8192,sin(25x)cos(25y),25,25,Zstd,210,0.025634765625,7.96e-5
64,32768,sin(25x)cos(25y),25,25,Bzip2,851,0.025970458984375,0.004138809
64,32768,sin(25x)cos(25y),25,25,LZ4Fast,944,0.02880859375,1.6912e-5
64,32768,sin(25x)cos(25y),25,25,LZ4Frame,540,0.0164794921875,1.7402e-5
64,32768,sin(25x)cos(25y),25,25,Xz,480,0.0146484375,0.002367493
64,32768,sin(25x)cos(25y),25,25,Zlib,573,0.017486572265625,0.000148469
64,32768,sin(25x)cos(25y),25,25,Zstd,383,0.011688232421875,0.000353522
128,131072,sin(25x)cos(25y),25,25,Bzip2,1712,0.0130615234375,0.01854368
128,131072,sin(25x)cos(25y),25,25,LZ4Fast,2973,0.02268218994140625,4.7859e-5
128,131072,sin(25x)cos(25y),25,25,LZ4Frame,1354,0.0103302001953125,1.7455e-5
128,131072,sin(25x)cos(25y),25,25,Xz,840,0.00640869140625,0.00277645
128,131072,sin(25x)cos(25y),25,25,Zlib,1470,0.0112152099609375,0.000481692
128,131072,sin(25x)cos(25y),25,25,Zstd,787,0.00600433349609375,9.4149e-5
256,524288,sin(25x)cos(25y),25,25,Bzip2,3278,0.006252288818359375,0.106272626
256,524288,sin(25x)cos(25y),25,25,LZ4Fast,302840,0.5776214599609375,0.000764622
256,524288,sin(25x)cos(25y),25,25,LZ4Frame,9008,0.017181396484375,5.5155e-5
256,524288,sin(25x)cos(25y),25,25,Xz,1484,0.00283050537109375,0.008250826
256,524288,sin(25x)cos(25y),25,25,Zlib,4379,0.008352279663085938,0.001699185
256,524288,sin(25x)cos(25y),25,25,Zstd,1560,0.0029754638671875,0.000211834
512,2097152,sin(25x)cos(25y),25,25,Bzip2,21686,0.010340690612792969,0.591766992
512,2097152,sin(25x)cos(25y),25,25,LZ4Fast,1800505,0.8585476875305176,0.002364282
512,2097152,sin(25x)cos(25y),25,25,LZ4Frame,66379,0.031651973724365234,0.000240007
512,2097152,sin(25x)cos(25y),25,25,Xz,2952,0.001407623291015625,0.028785065
512,2097152,sin(25x)cos(25y),25,25,Zlib,15404,0.0073451995849609375,0.00645444
512,2097152,sin(25x)cos(25y),25,25,Zstd,3558,0.0016965866088867188,0.000875446
1024,8388608,sin(25x)cos(25y),25,25,Bzip2,134557,0.016040444374084473,2.227106277
1024,8388608,sin(25x)cos(25y),25,25,LZ4Fast,7779678,0.9274098873138428,0.008147411
1024,8388608,sin(25x)cos(25y),25,25,LZ4Frame,524748,0.06255483627319336,0.001258749
1024,8388608,sin(25x)cos(25y),25,25,Xz,6128,0.0007305145263671875,0.111084012
1024,8388608,sin(25x)cos(25y),25,25,Zlib,59181,0.007054924964904785,0.026938735
1024,8388608,sin(25x)cos(25y),25,25,Zstd,7811,0.0009311437606811523,0.001637238
2048,33554432,sin(25x)cos(25y),25,25,Bzip2,915797,0.027292877435684204,8.339668194
2048,33554432,sin(25x)cos(25y),25,25,LZ4Fast,32559448,0.9703471660614014,0.054750057
2048,33554432,sin(25x)cos(25y),25,25,LZ4Frame,4228876,0.1260303258895874,0.143038217
2048,33554432,sin(25x)cos(25y),25,25,Xz,14496,0.00043201446533203125,0.444659255
2048,33554432,sin(25x)cos(25y),25,25,Zlib,240240,0.007159709930419922,0.10542232
2048,33554432,sin(25x)cos(25y),25,25,Zstd,20425,0.0006087124347686768,0.006124144
4096,134217728,sin(25x)cos(25y),25,25,Bzip2,6826244,0.0508594810962677,32.94313987
4096,134217728,sin(25x)cos(25y),25,25,LZ4Fast,132747589,0.989046610891819,0.41177195
4096,134217728,sin(25x)cos(25y),25,25,LZ4Frame,33976331,0.25314339250326157,0.044015328
4096,134217728,sin(25x)cos(25y),25,25,Xz,37612,0.000280231237411499,2.206120981
4096,134217728,sin(25x)cos(25y),25,25,Zlib,51556058,0.3841225653886795,1.706706131
4096,134217728,sin(25x)cos(25y),25,25,Zstd,53676,0.0003999173641204834,0.022662906
16,2048,sin(30x)cos(30y),30,30,Bzip2,220,0.107421875,0.000143693
16,2048,sin(30x)cos(30y),30,30,LZ4Fast,135,0.06591796875,7.838e-6
16,2048,sin(30x)cos(30y),30,30,LZ4Frame,133,0.06494140625,6.837e-6
16,2048,sin(30x)cos(30y),30,30,Xz,176,0.0859375,0.001235273
16,2048,sin(30x)cos(30y),30,30,Zlib,123,0.06005859375,3.9642e-5
16,2048,sin(30x)cos(30y),30,30,Zstd,113,0.05517578125,8.0412e-5
32,8192,sin(30x)cos(30y),30,30,Bzip2,436,0.05322265625,0.000469974
32,8192,sin(30x)cos(30y),30,30,LZ4Fast,337,0.0411376953125,8.351e-6
32,8192,sin(30x)cos(30y),30,30,LZ4Frame,258,0.031494140625,5.701e-6
32,8192,sin(30x)cos(30y),30,30,Xz,292,0.03564453125,0.001719598
32,8192,sin(30x)cos(30y),30,30,Zlib,273,0.0333251953125,5.9125e-5
32,8192,sin(30x)cos(30y),30,30,Zstd,209,0.0255126953125,8.1042e-5
64,32768,sin(30x)cos(30y),30,30,Bzip2,890,0.02716064453125,0.00414702
64,32768,sin(30x)cos(30y),30,30,LZ4Fast,947,0.028900146484375,1.6965e-5
64,32768,sin(30x)cos(30y),30,30,LZ4Frame,549,0.016754150390625,1.8886e-5
64,32768,sin(30x)cos(30y),30,30,Xz,496,0.01513671875,0.002323081
64,32768,sin(30x)cos(30y),30,30,Zlib,584,0.017822265625,0.000148426
64,32768,sin(30x)cos(30y),30,30,Zstd,393,0.011993408203125,0.000360303
128,131072,sin(30x)cos(30y),30,30,Bzip2,1691,0.01290130615234375,0.018486817
128,131072,sin(30x)cos(30y),30,30,LZ4Fast,2961,0.02259063720703125,4.5175e-5
128,131072,sin(30x)cos(30y),30,30,LZ4Frame,1342,0.0102386474609375,1.537e-5
128,131072,sin(30x)cos(30y),30,30,Xz,840,0.00640869140625,0.002858855
128,131072,sin(30x)cos(30y),30,30,Zlib,1466,0.0111846923828125,0.000448156
128,131072,sin(30x)cos(30y),30,30,Zstd,779,0.00594329833984375,9.251e-5
256,524288,sin(30x)cos(30y),30,30,Bzip2,3305,0.0063037872314453125,0.094542593
256,524288,sin(30x)cos(30y),30,30,LZ4Fast,323274,0.6165962219238281,0.000764048
256,524288,sin(30x)cos(30y),30,30,LZ4Frame,9052,0.01726531982421875,5.9997e-5
256,524288,sin(30x)cos(30y),30,30,Xz,1528,0.0029144287109375,0.008322705
256,524288,sin(30x)cos(30y),30,30,Zlib,4414,0.008419036865234375,0.001617831
256,524288,sin(30x)cos(30y),30,30,Zstd,1624,0.0030975341796875,0.000211617
512,2097152,sin(30x)cos(30y),30,30,Bzip2,21718,0.010355949401855469,0.592817498
512,2097152,sin(30x)cos(30y),30,30,LZ4Fast,1791799,0.8543963432312012,0.002447434
512,2097152,sin(30x)cos(30y),30,30,LZ4Frame,93524,0.04459571838378906,0.000362029
512,2097152,sin(30x)cos(30y),30,30,Xz,2972,0.0014171600341796875,0.028674417
512,2097152,sin(30x)cos(30y),30,30,Zlib,15407,0.007346630096435547,0.007012522
512,2097152,sin(30x)cos(30y),30,30,Zstd,3558,0.0016965866088867188,0.000874434
1024,8388608,sin(30x)cos(30y),30,30,Bzip2,134919,0.016083598136901855,2.21007185
1024,8388608,sin(30x)cos(30y),30,30,LZ4Fast,7818565,0.932045578956604,0.008193223
1024,8388608,sin(30x)cos(30y),30,30,LZ4Frame,528396,0.06298971176147461,0.001224874
1024,8388608,sin(30x)cos(30y),30,30,Xz,6184,0.0007371902465820312,0.111076546
1024,8388608,sin(30x)cos(30y),30,30,Zlib,59203,0.007057547569274902,0.026039748
1024,8388608,sin(30x)cos(30y),30,30,Zstd,7838,0.0009343624114990234,0.00164926
2048,33554432,sin(30x)cos(30y),30,30,Bzip2,924697,0.027558118104934692,8.25120244
2048,33554432,sin(30x)cos(30y),30,30,LZ4Fast,32452994,0.9671745896339417,0.054306661
2048,33554432,sin(30x)cos(30y),30,30,LZ4Frame,4231180,0.12609899044036865,0.140797131
2048,33554432,sin(30x)cos(30y),30,30,Xz,14556,0.00043380260467529297,0.45640169
2048,33554432,sin(30x)cos(30y),30,30,Zlib,240291,0.007161229848861694,0.105561502
2048,33554432,sin(30x)cos(30y),30,30,Zstd,20461,0.0006097853183746338,0.00608143
4096,134217728,sin(30x)cos(30y),30,30,Bzip2,6966044,0.05190107226371765,32.807024278
4096,134217728,sin(30x)cos(30y),30,30,LZ4Fast,132837684,0.9897178709506989,0.409116445
4096,134217728,sin(30x)cos(30y),30,30,LZ4Frame,33887243,0.2524796351790428,0.043147024
4096,134217728,sin(30x)cos(30y),30,30,Xz,38796,0.00028905272483825684,2.234287398
4096,134217728,sin(30x)cos(30y),30,30,Zlib,54929189,0.4092543497681618,1.773036762
4096,134217728,sin(30x)cos(30y),30,30,Zstd,53744,0.0004004240036010742,0.02258489
16,2048,sin(35x)cos(35y),35,35,Bzip2,215,0.10498046875,0.000139887
16,2048,sin(35x)cos(35y),35,35,LZ4Fast,136,0.06640625,7.575e-6
16,2048,sin(35x)cos(35y),35,35,LZ4Frame,134,0.0654296875,7.715e-6
16,2048,sin(35x)cos(35y),35,35,Xz,176,0.0859375,0.001235717
16,2048,sin(35x)cos(35y),35,35,Zlib,120,0.05859375,3.681e-5
16,2048,sin(35x)cos(35y),35,35,Zstd,113,0.05517578125,8.0743e-5
32,8192,sin(35x)cos(35y),35,35,Bzip2,427,0.0521240234375,0.000491077
32,8192,sin(35x)cos(35y),35,35,LZ4Fast,331,0.0404052734375,7.718e-6
32,8192,sin(35x)cos(35y),35,35,LZ4Frame,252,0.03076171875,5.731e-6
32,8192,sin(35x)cos(35y),35,35,Xz,288,0.03515625,0.001752567
32,8192,sin(35x)cos(35y),35,35,Zlib,270,0.032958984375,5.4341e-5
32,8192,sin(35x)cos(35y),35,35,Zstd,202,0.024658203125,8.0789e-5
64,32768,sin(35x)cos(35y),35,35,Bzip2,918,0.02801513671875,0.004110043
64,32768,sin(35x)cos(35y),35,35,LZ4Fast,957,0.029205322265625,1.6099e-5
64,32768,sin(35x)cos(35y),35,35,LZ4Frame,559,0.017059326171875,1.9243e-5
64,32768,sin(35x)cos(35y),35,35,Xz,500,0.0152587890625,0.002324078
64,32768,sin(35x)cos(35y),35,35,Zlib,592,0.01806640625,0.000150386
64,32768,sin(35x)cos(35y),35,35,Zstd,401,0.012237548828125,0.000365652
128,131072,sin(35x)cos(35y),35,35,Bzip2,1693,0.01291656494140625,0.018550878
128,131072,sin(35x)cos(35y),35,35,LZ4Fast,2958,0.0225677490234375,4.7432e-5
128,131072,sin(35x)cos(35y),35,35,LZ4Frame,1339,0.01021575927734375,1.6625e-5
128,131072,sin(35x)cos(35y),35,35,Xz,832,0.00634765625,0.002861521
128,131072,sin(35x)cos(35y),35,35,Zlib,1460,0.011138916015625,0.000429573
128,131072,sin(35x)cos(35y),35,35,Zstd,773,0.00589752197265625,9.5264e-5
256,524288,sin(35x)cos(35y),35,35,Bzip2,3326,0.006343841552734375,0.099737174
256,524288,sin(35x)cos(35y),35,35,LZ4Fast,313035,0.5970668792724609,0.000758718
256,524288,sin(35x)cos(35y),35,35,LZ4Frame,8983,0.017133712768554688,5.7043e-5
256,524288,sin(35x)cos(35y),35,35,Xz,1528,0.0029144287109375,0.008301699
256,524288,sin(35x)cos(35y),35,35,Zlib,4414,0.008419036865234375,0.001609539
256,524288,sin(35x)cos(35y),35,35,Zstd,1620,0.00308990478515625,0.000216117
512,2097152,sin(35x)cos(35y),35,35,Bzip2,21687,0.010341167449951172,0.590699129
512,2097152,sin(35x)cos(35y),35,35,LZ4Fast,1793350,0.8551359176635742,0.0024068
512,2097152,sin(35x)cos(35y),35,35,LZ4Frame,94132,0.04488563537597656,0.00034955
512,2097152,sin(35x)cos(35y),35,35,Xz,2964,0.0014133453369140625,0.028839905
512,2097152,sin(35x)cos(35y),35,35,Zlib,15403,0.007344722747802734,0.006380414
512,2097152,sin(35x)cos(35y),35,35,Zstd,3527,0.0016818046569824219,0.000882436
1024,8388608,sin(35x)cos(35y),35,35,Bzip2,134356,0.016016483306884766,2.208542956
1024,8388608,sin(35x)cos(35y),35,35,LZ4Fast,7812432,0.9313144683837891,0.008158061
1024,8388608,sin(35x)cos(35y),35,35,LZ4Frame,526796,0.06279897689819336,0.001221094
1024,8388608,sin(35x)cos(35y),35,35,Xz,6116,0.0007290840148925781,0.113085596
1024,8388608,sin(35x)cos(35y),35,35,Zlib,59154,0.007051706314086914,0.026626995
1024,8388608,sin(35x)cos(35y),35,35,Zstd,7768,0.0009260177612304688,0.001656133
2048,33554432,sin(35x)cos(35y),35,35,Bzip2,919697,0.027409106492996216,8.293634693
2048,33554432,sin(35x)cos(35y),35,35,LZ4Fast,32438650,0.9667471051216125,0.054315069
2048,33554432,sin(35x)cos(35y),35,35,LZ4Frame,4254732,0.12680089473724365,0.138698095
2048,33554432,sin(35x)cos(35y),35,35,Xz,14576,0.0004343986511230469,0.447578879
2048,33554432,sin(35x)cos(35y),35,35,Zlib,240302,0.007161557674407959,0.105738859
2048,33554432,sin(35x)cos(35y),35,35,Zstd,17652,0.0005260705947875977,0.007142793
4096,134217728,sin(35x)cos(35y),35,35,Bzip2,6915384,0.05152362585067749,32.730918018
4096,134217728,sin(35x)cos(35y),35,35,LZ4Fast,132776275,0.9892603382468224,0.414610635
4096,134217728,sin(35x)cos(35y),35,35,LZ4Frame,33936396,0.2528458535671234,0.044747106
4096,134217728,sin(35x)cos(35y),35,35,Xz,38232,0.0002848505973815918,2.229853596
4096,134217728,sin(35x)cos(35y),35,35,Zlib,55091356,0.4104625880718231,1.742219456
4096,134217728,sin(35x)cos(35y),35,35,Zstd,54635,0.00040706247091293335,0.022697059
16,2048,sin(40x)cos(40y),40,40,Bzip2,211,0.10302734375,0.000139516
16,2048,sin(40x)cos(40y),40,40,LZ4Fast,137,0.06689453125,6.819e-6
16,2048,sin(40x)cos(40y),40,40,LZ4Frame,135,0.06591796875,8.165e-6
16,2048,sin(40x)cos(40y),40,40,Xz,172,0.083984375,0.001234526
16,2048,sin(40x)cos(40y),40,40,Zlib,124,0.060546875,3.6137e-5
16,2048,sin(40x)cos(40y),40,40,Zstd,113,0.05517578125,8.1179e-5
32,8192,sin(40x)cos(40y),40,40,Bzip2,434,0.052978515625,0.000473404
32,8192,sin(40x)cos(40y),40,40,LZ4Fast,333,0.0406494140625,8.969e-6
32,8192,sin(40x)cos(40y),40,40,LZ4Frame,254,0.031005859375,5.58e-6
32,8192,sin(40x)cos(40y),40,40,Xz,292,0.03564453125,0.001743737
32,8192,sin(40x)cos(40y),40,40,Zlib,272,0.033203125,6.1154e-5
32,8192,sin(40x)cos(40y),40,40,Zstd,204,0.02490234375,8.5084e-5
64,32768,sin(40x)cos(40y),40,40,Bzip2,919,0.028045654296875,0.004157534
64,32768,sin(40x)cos(40y),40,40,LZ4Fast,956,0.0291748046875,1.5982e-5
64,32768,sin(40x)cos(40y),40,40,LZ4Frame,558,0.01702880859375,1.9511e-5
64,32768,sin(40x)cos(40y),40,40,Xz,500,0.0152587890625,0.002352938
64,32768,sin(40x)cos(40y),40,40,Zlib,593,0.018096923828125,0.000152757
64,32768,sin(40x)cos(40y),40,40,Zstd,402,0.01226806640625,0.000369164
128,131072,sin(40x)cos(40y),40,40,Bzip2,1674,0.0127716064453125,0.018526557
128,131072,sin(40x)cos(40y),40,40,LZ4Fast,2958,0.0225677490234375,4.6844e-5
128,131072,sin(40x)cos(40y),40,40,LZ4Frame,1343,0.01024627685546875,1.6089e-5
128,131072,sin(40x)cos(40y),40,40,Xz,832,0.00634765625,0.002910183
128,131072,sin(40x)cos(40y),40,40,Zlib,1464,0.01116943359375,0.000514671
128,131072,sin(40x)cos(40y),40,40,Zstd,776,0.00592041015625,9.8566e-5
256,524288,sin(40x)cos(40y),40,40,Bzip2,3305,0.0063037872314453125,0.092568977
256,524288,sin(40x)cos(40y),40,40,LZ4Fast,308478,0.5883750915527344,0.000762283
256,524288,sin(40x)cos(40y),40,40,LZ4Frame,9008,0.017181396484375,5.6357e-5
256,524288,sin(40x)cos(40y),40,40,Xz,1500,0.00286102294921875,0.00841353
256,524288,sin(40x)cos(40y),40,40,Zlib,4405,0.008401870727539062,0.001622461
256,524288,sin(40x)cos(40y),40,40,Zstd,1608,0.0030670166015625,0.000215473
512,2097152,sin(40x)cos(40y),40,40,Bzip2,21659,0.010327816009521484,0.594428095
512,2097152,sin(40x)cos(40y),40,40,LZ4Fast,1787727,0.852454662322998,0.002377248
512,2097152,sin(40x)cos(40y),40,40,LZ4Frame,75939,0.03621053695678711,0.000309841
512,2097152,sin(40x)cos(40y),40,40,Xz,2960,0.00141143798828125,0.028869901
512,2097152,sin(40x)cos(40y),40,40,Zlib,15403,0.007344722747802734,0.00639305
512,2097152,sin(40x)cos(40y),40,40,Zstd,3538,0.0016870498657226562,0.000876085
1024,8388608,sin(40x)cos(40y),40,40,Bzip2,134663,0.016053080558776855,2.211172705
1024,8388608,sin(40x)cos(40y),40,40,LZ4Fast,7765369,0.9257041215896606,0.008231936
1024,8388608,sin(40x)cos(40y),40,40,LZ4Frame,530572,0.06324911117553711,0.001250756
1024,8388608,sin(40x)cos(40y),40,40,Xz,6196,0.0007386207580566406,0.111555351
1024,8388608,sin(40x)cos(40y),40,40,Zlib,59203,0.007057547569274902,0.026175906
1024,8388608,sin(40x)cos(40y),40,40,Zstd,7791,0.0009287595748901367,0.001632011
2048,33554432,sin(40x)cos(40y),40,40,Bzip2,921544,0.02746415138244629,8.297101513
2048,33554432,sin(40x)cos(40y),40,40,LZ4Fast,32457082,0.9672964215278625,0.054078504
2048,33554432,sin(40x)cos(40y),40,40,LZ4Frame,4233483,0.12616762518882751,0.139991844
2048,33554432,sin(40x)cos(40y),40,40,Xz,14564,0.00043404102325439453,0.470169909
2048,33554432,sin(40x)cos(40y),40,40,Zlib,240305,0.007161647081375122,0.106691469
2048,33554432,sin(40x)cos(40y),40,40,Zstd,20453,0.0006095468997955322,0.00608549
4096,134217728,sin(40x)cos(40y),40,40,Bzip2,6975116,0.051968663930892944,32.854183116
4096,134217728,sin(40x)cos(40y),40,40,LZ4Fast,132743523,0.9890163168311119,0.410907076
4096,134217728,sin(40x)cos(40y),40,40,LZ4Frame,33856523,0.2522507533431053,0.042005166
4096,134217728,sin(40x)cos(40y),40,40,Xz,38228,0.0002848207950592041,2.238249837
4096,134217728,sin(40x)cos(40y),40,40,Zlib,54677567,0.4073796197772026,1.77619451
4096,134217728,sin(40x)cos(40y),40,40,Zstd,42426,0.00031609833240509033,0.027006552
16,2048,sin(45x)cos(45y),45,45,Bzip2,221,0.10791015625,0.00015003
16,2048,sin(45x)cos(45y),45,45,LZ4Fast,137,0.06689453125,6.702e-6
16,2048,sin(45x)cos(45y),45,45,LZ4Frame,135,0.06591796875,7.1e-6
16,2048,sin(45x)cos(45y),45,45,Xz,176,0.0859375,0.001238506
16,2048,sin(45x)cos(45y),45,45,Zlib,121,0.05908203125,3.9637e-5
16,2048,sin(45x)cos(45y),45,45,Zstd,114,0.0556640625,7.8215e-5
32,8192,sin(45x)cos(45y),45,45,Bzip2,420,0.05126953125,0.000459537
32,8192,sin(45x)cos(45y),45,45,LZ4Fast,333,0.0406494140625,8.646e-6
32,8192,sin(45x)cos(45y),45,45,LZ4Frame,253,0.0308837890625,6.815e-6
32,8192,sin(45x)cos(45y),45,45,Xz,288,0.03515625,0.001724569
32,8192,sin(45x)cos(45y),45,45,Zlib,270,0.032958984375,5.9736e-5
32,8192,sin(45x)cos(45y),45,45,Zstd,201,0.0245361328125,8.1021e-5
64,32768,sin(45x)cos(45y),45,45,Bzip2,950,0.02899169921875,0.004114539
64,32768,sin(45x)cos(45y),45,45,LZ4Fast,961,0.029327392578125,1.5517e-5
64,32768,sin(45x)cos(45y),45,45,LZ4Frame,563,0.017181396484375,1.9063e-5
64,32768,sin(45x)cos(45y),45,45,Xz,500,0.0152587890625,0.002314597
64,32768,sin(45x)cos(45y),45,45,Zlib,597,0.018218994140625,0.0001516
64,32768,sin(45x)cos(45y),45,45,Zstd,406,0.01239013671875,0.000359575
128,131072,sin(45x)cos(45y),45,45,Bzip2,1667,0.01271820068359375,0.018515872
128,131072,sin(45x)cos(45y),45,45,LZ4Fast,2951,0.02251434326171875,4.7142e-5
128,131072,sin(45x)cos(45y),45,45,LZ4Frame,1336,0.01019287109375,1.6035e-5
128,131072,sin(45x)cos(45y),45,45,Xz,832,0.00634765625,0.00284853
128,131072,sin(45x)cos(45y),45,45,Zlib,1457,0.01111602783203125,0.000537985
128,131072,sin(45x)cos(45y),45,45,Zstd,781,0.00595855712890625,9.4654e-5
256,524288,sin(45x)cos(45y),45,45,Bzip2,3306,0.006305694580078125,0.095312339
256,524288,sin(45x)cos(45y),45,45,LZ4Fast,309968,0.591217041015625,0.000764756
256,524288,sin(45x)cos(45y),45,45,LZ4Frame,8896,0.0169677734375,5.7199e-5
256,524288,sin(45x)cos(45y),45,45,Xz,1500,0.00286102294921875,0.00844433
256,524288,sin(45x)cos(45y),45,45,Zlib,4407,0.008405685424804688,0.001739954
256,524288,sin(45x)cos(45y),45,45,Zstd,1603,0.0030574798583984375,0.000208619
512,2097152,sin(45x)cos(45y),45,45,Bzip2,21727,0.010360240936279297,0.594045519
512,2097152,sin(45x)cos(45y),45,45,LZ4Fast,1774941,0.8463578224182129,0.002404368
512,2097152,sin(45x)cos(45y),45,45,LZ4Frame,66891,0.031896114349365234,0.000242698
512,2097152,sin(45x)cos(45y),45,45,Xz,2980,0.0014209747314453125,0.02936054
512,2097152,sin(45x)cos(45y),45,45,Zlib,15418,0.007351875305175781,0.006355892
512,2097152,sin(45x)cos(45y),45,45,Zstd,3534,0.0016851425170898438,0.000871636
1024,8388608,sin(45x)cos(45y),45,45,Bzip2,134817,0.016071438789367676,2.214629434
1024,8388608,sin(45x)cos(45y),45,45,LZ4Fast,7803231,0.9302176237106323,0.008064709
1024,8388608,sin(45x)cos(45y),45,45,LZ4Frame,528012,0.06294393539428711,0.001299205
1024,8388608,sin(45x)cos(45y),45,45,Xz,6176,0.000736236572265625,0.112074381
1024,8388608,sin(45x)cos(45y),45,45,Zlib,59205,0.007057785987854004,0.026418983
1024,8388608,sin(45x)cos(45y),45,45,Zstd,7802,0.0009300708770751953,0.001651285
2048,33554432,sin(45x)cos(45y),45,45,Bzip2,920661,0.027437835931777954,8.29056005
2048,33554432,sin(45x)cos(45y),45,45,LZ4Fast,32487786,0.9682114720344543,0.054287746
2048,33554432,sin(45x)cos(45y),45,45,LZ4Frame,4238604,0.1263202428817749,0.13933762
2048,33554432,sin(45x)cos(45y),45,45,Xz,14584,0.00043463706970214844,0.45003605
2048,33554432,sin(45x)cos(45y),45,45,Zlib,240326,0.007162272930145264,0.106399873
2048,33554432,sin(45x)cos(45y),45,45,Zstd,17702,0.0005275607109069824,0.007172248
4096,134217728,sin(45x)cos(45y),45,45,Bzip2,6903869,0.05143783241510391,32.856883633
4096,134217728,sin(45x)cos(45y),45,45,LZ4Fast,132890936,0.9901146292686462,0.407189857
4096,134217728,sin(45x)cos(45y),45,45,LZ4Frame,33908747,0.25263985246419907,0.044002097
4096,134217728,sin(45x)cos(45y),45,45,Xz,38408,0.0002861618995666504,2.229567299
4096,134217728,sin(45x)cos(45y),45,45,Zlib,55124315,0.41070815175771713,1.779607314
4096,134217728,sin(45x)cos(45y),45,45,Zstd,53724,0.00040027499198913574,0.022791317
16,2048,sin(50x)cos(50y),50,50,Bzip2,220,0.107421875,0.000142914
16,2048,sin(50x)cos(50y),50,50,LZ4Fast,137,0.06689453125,8.03e-6
16,2048,sin(50x)cos(50y),50,50,LZ4Frame,135,0.06591796875,7.412e-6
16,2048,sin(50x)cos(50y),50,50,Xz,180,0.087890625,0.001228243
16,2048,sin(50x)cos(50y),50,50,Zlib,124,0.060546875,3.8176e-5
16,2048,sin(50x)cos(50y),50,50,Zstd,115,0.05615234375,8.1501e-5
32,8192,sin(50x)cos(50y),50,50,Bzip2,434,0.052978515625,0.000478568
32,8192,sin(50x)cos(50y),50,50,LZ4Fast,335,0.0408935546875,8.922e-6
32,8192,sin(50x)cos(50y),50,50,LZ4Frame,256,0.03125,5.608e-6
32,8192,sin(50x)cos(50y),50,50,Xz,292,0.03564453125,0.001758171
32,8192,sin(50x)cos(50y),50,50,Zlib,272,0.033203125,5.6593e-5
32,8192,sin(50x)cos(50y),50,50,Zstd,209,0.0255126953125,8.122e-5
64,32768,sin(50x)cos(50y),50,50,Bzip2,929,0.028350830078125,0.004123443
64,32768,sin(50x)cos(50y),50,50,LZ4Fast,958,0.02923583984375,1.5493e-5
64,32768,sin(50x)cos(50y),50,50,LZ4Frame,563,0.017181396484375,1.9468e-5
64,32768,sin(50x)cos(50y),50,50,Xz,500,0.0152587890625,0.002312548
64,32768,sin(50x)cos(50y),50,50,Zlib,592,0.01806640625,0.000148784
64,32768,sin(50x)cos(50y),50,50,Zstd,406,0.01239013671875,0.000360523
128,131072,sin(50x)cos(50y),50,50,Bzip2,1669,0.01273345947265625,0.018516063
128,131072,sin(50x)cos(50y),50,50,LZ4Fast,2952,0.02252197265625,4.3897e-5
128,131072,sin(50x)cos(50y),50,50,LZ4Frame,1340,0.010223388671875,1.6713e-5
128,131072,sin(50x)cos(50y),50,50,Xz,824,0.00628662109375,0.002879206
128,131072,sin(50x)cos(50y),50,50,Zlib,1449,0.01105499267578125,0.000509998
128,131072,sin(50x)cos(50y),50,50,Zstd,766,0.0058441162109375,9.5301e-5
256,524288,sin(50x)cos(50y),50,50,Bzip2,3306,0.006305694580078125,0.093830243
256,524288,sin(50x)cos(50y),50,50,LZ4Fast,312005,0.5951023101806641,0.000768335
256,524288,sin(50x)cos(50y),50,50,LZ4Frame,8932,0.01703643798828125,5.6068e-5
256,524288,sin(50x)cos(50y),50,50,Xz,1504,0.00286865234375,0.008230387
256,524288,sin(50x)cos(50y),50,50,Zlib,4397,0.008386611938476562,0.001616841
256,524288,sin(50x)cos(50y),50,50,Zstd,1603,0.0030574798583984375,0.00020978
512,2097152,sin(50x)cos(50y),50,50,Bzip2,21632,0.01031494140625,0.593483369
512,2097152,sin(50x)cos(50y),50,50,LZ4Fast,1790786,0.8539133071899414,0.002388428
512,2097152,sin(50x)cos(50y),50,50,LZ4Frame,94492,0.04505729675292969,0.000360274
512,2097152,sin(50x)cos(50y),50,50,Xz,2972,0.0014171600341796875,0.029405139
512,2097152,sin(50x)cos(50y),50,50,Zlib,15409,0.007347583770751953,0.006364975
512,2097152,sin(50x)cos(50y),50,50,Zstd,3534,0.0016851425170898438,0.000872975
1024,8388608,sin(50x)cos(50y),50,50,Bzip2,134773,0.01606619358062744,2.225172834
1024,8388608,sin(50x)cos(50y),50,50,LZ4Fast,7792976,0.9289951324462891,0.008079718
1024,8388608,sin(50x)cos(50y),50,50,LZ4Frame,529036,0.06306600570678711,0.00131686
1024,8388608,sin(50x)cos(50y),50,50,Xz,6196,0.0007386207580566406,0.113185901
1024,8388608,sin(50x)cos(50y),50,50,Zlib,59216,0.0070590972900390625,0.025712114
1024,8388608,sin(50x)cos(50y),50,50,Zstd,7855,0.0009363889694213867,0.001629124
2048,33554432,sin(50x)cos(50y),50,50,Bzip2,920954,0.02744656801223755,8.353326654
2048,33554432,sin(50x)cos(50y),50,50,LZ4Fast,32487790,0.9682115912437439,0.054546496
2048,33554432,sin(50x)cos(50y),50,50,LZ4Frame,4238092,0.1263049840927124,0.139754305
2048,33554432,sin(50x)cos(50y),50,50,Xz,14500,0.00043213367462158203,0.453176402
2048,33554432,sin(50x)cos(50y),50,50,Zlib,240333,0.0071624815464019775,0.106518791
2048,33554432,sin(50x)cos(50y),50,50,Zstd,20445,0.0006093084812164307,0.006088042
4096,134217728,sin(50x)cos(50y),50,50,Bzip2,6957960,0.05184084177017212,34.379402806
4096,134217728,sin(50x)cos(50y),50,50,LZ4Fast,132976936,0.9907553791999817,0.408358268
4096,134217728,sin(50x)cos(50y),50,50,LZ4Frame,33823755,0.2520066127181053,0.043682978
4096,134217728,sin(50x)cos(50y),50,50,Xz,38460,0.00028654932975769043,2.233932534
4096,134217728,sin(50x)cos(50y),50,50,Zlib,55408724,0.41282716393470764,1.816012023
4096,134217728,sin(50x)cos(50y),50,50,Zstd,53720,0.00040024518966674805,0.022500039
16,2048,sin(55x)cos(55y),55,55,Bzip2,218,0.1064453125,0.000144723
16,2048,sin(55x)cos(55y),55,55,LZ4Fast,136,0.06640625,7.07e-6
16,2048,sin(55x)cos(55y),55,55,LZ4Frame,134,0.0654296875,6.54e-6
16,2048,sin(55x)cos(55y),55,55,Xz,180,0.087890625,0.001225361
16,2048,sin(55x)cos(55y),55,55,Zlib,123,0.06005859375,3.5919e-5
16,2048,sin(55x)cos(55y),55,55,Zstd,114,0.0556640625,8.4218e-5
32,8192,sin(55x)cos(55y),55,55,Bzip2,428,0.05224609375,0.00048337
32,8192,sin(55x)cos(55y),55,55,LZ4Fast,334,0.040771484375,7.767e-6
32,8192,sin(55x)cos(55y),55,55,LZ4Frame,255,0.0311279296875,5.7e-6
32,8192,sin(55x)cos(55y),55,55,Xz,292,0.03564453125,0.001758487
32,8192,sin(55x)cos(55y),55,55,Zlib,272,0.033203125,6.0815e-5
32,8192,sin(55x)cos(55y),55,55,Zstd,208,0.025390625,8.6496e-5
64,32768,sin(55x)cos(55y),55,55,Bzip2,930,0.02838134765625,0.00410479
64,32768,sin(55x)cos(55y),55,55,LZ4Fast,956,0.0291748046875,1.6118e-5
64,32768,sin(55x)cos(55y),55,55,LZ4Frame,565,0.017242431640625,1.7894e-5
64,32768,sin(55x)cos(55y),55,55,Xz,504,0.015380859375,0.002338477
64,32768,sin(55x)cos(55y),55,55,Zlib,592,0.01806640625,0.000147318
64,32768,sin(55x)cos(55y),55,55,Zstd,410,0.01251220703125,0.000360925
128,131072,sin(55x)cos(55y),55,55,Bzip2,1665,0.01270294189453125,0.01826692
128,131072,sin(55x)cos(55y),55,55,LZ4Fast,2955,0.02254486083984375,4.6391e-5
128,131072,sin(55x)cos(55y),55,55,LZ4Frame,1343,0.01024627685546875,1.5627e-5
128,131072,sin(55x)cos(55y),55,55,Xz,832,0.00634765625,0.002943801
128,131072,sin(55x)cos(55y),55,55,Zlib,1457,0.01111602783203125,0.000434405
128,131072,sin(55x)cos(55y),55,55,Zstd,786,0.0059967041015625,9.4812e-5
256,524288,sin(55x)cos(55y),55,55,Bzip2,3312,0.006317138671875,0.097825456
256,524288,sin(55x)cos(55y),55,55,LZ4Fast,310249,0.5917530059814453,0.000757034
256,524288,sin(55x)cos(55y),55,55,LZ4Frame,8892,0.01696014404296875,5.4584e-5
256,524288,sin(55x)cos(55y),55,55,Xz,1520,0.002899169921875,0.008644681
256,524288,sin(55x)cos(55y),55,55,Zlib,4416,0.0084228515625,0.001618798
256,524288,sin(55x)cos(55y),55,55,Zstd,1616,0.003082275390625,0.000207209
512,2097152,sin(55x)cos(55y),55,55,Bzip2,21746,0.010369300842285156,0.59375943
512,2097152,sin(55x)cos(55y),55,55,LZ4Fast,1794358,0.855616569519043,0.002412721
512,2097152,sin(55x)cos(55y),55,55,LZ4Frame,96415,0.0459742546081543,0.000331731
512,2097152,sin(55x)cos(55y),55,55,Xz,2972,0.0014171600341796875,0.029743642
512,2097152,sin(55x)cos(55y),55,55,Zlib,15418,0.007351875305175781,0.006325342
512,2097152,sin(55x)cos(55y),55,55,Zstd,3513,0.0016751289367675781,0.000622726
1024,8388608,sin(55x)cos(55y),55,55,Bzip2,134830,0.016072988510131836,2.559143359
1024,8388608,sin(55x)cos(55y),55,55,LZ4Fast,7810383,0.9310702085494995,0.00815958
1024,8388608,sin(55x)cos(55y),55,55,LZ4Frame,527371,0.06286752223968506,0.001185607
1024,8388608,sin(55x)cos(55y),55,55,Xz,6212,0.0007405281066894531,0.113150468
1024,8388608,sin(55x)cos(55y),55,55,Zlib,59227,0.007060408592224121,0.025890873
1024,8388608,sin(55x)cos(55y),55,55,Zstd,7820,0.0009322166442871094,0.001631105
2048,33554432,sin(55x)cos(55y),55,55,Bzip2,920695,0.027438849210739136,10.789152719
2048,33554432,sin(55x)cos(55y),55,55,LZ4Fast,32504172,0.9686998128890991,0.054517442
2048,33554432,sin(55x)cos(55y),55,55,LZ4Frame,4249356,0.1266406774520874,0.139565027
2048,33554432,sin(55x)cos(55y),55,55,Xz,14504,0.0004322528839111328,0.442650065
2048,33554432,sin(55x)cos(55y),55,55,Zlib,240323,0.007162183523178101,0.106899878
2048,33554432,sin(55x)cos(55y),55,55,Zstd,17630,0.0005254149436950684,0.007191403
4096,134217728,sin(55x)cos(55y),55,55,Bzip2,6927406,0.05161319673061371,42.489820854
4096,134217728,sin(55x)cos(55y),55,55,LZ4Fast,132915504,0.9902976751327515,0.411946252
4096,134217728,sin(55x)cos(55y),55,55,LZ4Frame,33160940,0.24706825613975525,0.044369789
4096,134217728,sin(55x)cos(55y),55,55,Xz,38632,0.00028783082962036133,2.214526012
4096,134217728,sin(55x)cos(55y),55,55,Zlib,55777893,0.4155776873230934,1.783784937
4096,134217728,sin(55x)cos(55y),55,55,Zstd,54101,0.000403083860874176,0.022867998
16,2048,sin(60x)cos(60y),60,60,Bzip2,213,0.10400390625,0.000141869
16,2048,sin(60x)cos(60y),60,60,LZ4Fast,139,0.06787109375,6.506e-6
16,2048,sin(60x)cos(60y),60,60,LZ4Frame,137,0.06689453125,7.401e-6
16,2048,sin(60x)cos(60y),60,60,Xz,176,0.0859375,0.001270975
16,2048,sin(60x)cos(60y),60,60,Zlib,121,0.05908203125,3.5746e-5
16,2048,sin(60x)cos(60y),60,60,Zstd,115,0.05615234375,8.0464e-5
32,8192,sin(60x)cos(60y),60,60,Bzip2,431,0.0526123046875,0.000475508
32,8192,sin(60x)cos(60y),60,60,LZ4Fast,334,0.040771484375,8.444e-6
32,8192,sin(60x)cos(60y),60,60,LZ4Frame,255,0.0311279296875,5.939e-6
32,8192,sin(60x)cos(60y),60,60,Xz,292,0.03564453125,0.00174585
32,8192,sin(60x)cos(60y),60,60,Zlib,275,0.0335693359375,5.7599e-5
32,8192,sin(60x)cos(60y),60,60,Zstd,207,0.0252685546875,7.9198e-5
64,32768,sin(60x)cos(60y),60,60,Bzip2,942,0.02874755859375,0.004123754
64,32768,sin(60x)cos(60y),60,60,LZ4Fast,950,0.02899169921875,1.6113e-5
64,32768,sin(60x)cos(60y),60,60,LZ4Frame,559,0.017059326171875,1.7752e-5
64,32768,sin(60x)cos(60y),60,60,Xz,504,0.015380859375,0.002441529
64,32768,sin(60x)cos(60y),60,60,Zlib,596,0.0181884765625,0.000146558
64,32768,sin(60x)cos(60y),60,60,Zstd,404,0.0123291015625,0.000341292
128,131072,sin(60x)cos(60y),60,60,Bzip2,1709,0.01303863525390625,0.018264284
128,131072,sin(60x)cos(60y),60,60,LZ4Fast,2966,0.0226287841796875,4.8082e-5
128,131072,sin(60x)cos(60y),60,60,LZ4Frame,1350,0.0102996826171875,1.6336e-5
128,131072,sin(60x)cos(60y),60,60,Xz,840,0.00640869140625,0.002848752
128,131072,sin(60x)cos(60y),60,60,Zlib,1465,0.01117706298828125,0.000521847
128,131072,sin(60x)cos(60y),60,60,Zstd,789,0.00601959228515625,9.9072e-5
256,524288,sin(60x)cos(60y),60,60,Bzip2,3309,0.0063114166259765625,0.096993045
256,524288,sin(60x)cos(60y),60,60,LZ4Fast,304611,0.5809993743896484,0.00076233
256,524288,sin(60x)cos(60y),60,60,LZ4Frame,8856,0.0168914794921875,5.4292e-5
256,524288,sin(60x)cos(60y),60,60,Xz,1512,0.0028839111328125,0.008637885
256,524288,sin(60x)cos(60y),60,60,Zlib,4407,0.008405685424804688,0.001667451
256,524288,sin(60x)cos(60y),60,60,Zstd,1593,0.0030384063720703125,0.000206891
512,2097152,sin(60x)cos(60y),60,60,Bzip2,21656,0.010326385498046875,0.592892373
512,2097152,sin(60x)cos(60y),60,60,LZ4Fast,1795888,0.8563461303710938,0.00238813
512,2097152,sin(60x)cos(60y),60,60,LZ4Frame,95093,0.045343875885009766,0.000351792
512,2097152,sin(60x)cos(60y),60,60,Xz,2984,0.001422882080078125,0.029537271
512,2097152,sin(60x)cos(60y),60,60,Zlib,15426,0.007355690002441406,0.006427906
512,2097152,sin(60x)cos(60y),60,60,Zstd,3532,0.0016841888427734375,0.000890443
1024,8388608,sin(60x)cos(60y),60,60,Bzip2,135251,0.016123175621032715,2.558364899
1024,8388608,sin(60x)cos(60y),60,60,LZ4Fast,7787878,0.9283874034881592,0.008189271
1024,8388608,sin(60x)cos(60y),60,60,LZ4Frame,529164,0.06308126449584961,0.001263665
1024,8388608,sin(60x)cos(60y),60,60,Xz,6236,0.0007433891296386719,0.11166132
1024,8388608,sin(60x)cos(60y),60,60,Zlib,59249,0.007063031196594238,0.02610713
1024,8388608,sin(60x)cos(60y),60,60,Zstd,7841,0.0009347200393676758,0.001635427
2048,33554432,sin(60x)cos(60y),60,60,Bzip2,924771,0.027560323476791382,10.778069018
2048,33554432,sin(60x)cos(60y),60,60,LZ4Fast,32506216,0.9687607288360596,0.055166818
2048,33554432,sin(60x)cos(60y),60,60,LZ4Frame,4217356,0.12568700313568115,0.145644136
2048,33554432,sin(60x)cos(60y),60,60,Xz,14556,0.00043380260467529297,0.463696667
2048,33554432,sin(60x)cos(60y),60,60,Zlib,240362,0.007163345813751221,0.107262556
2048,33554432,sin(60x)cos(60y),60,60,Zstd,17662,0.0005263686180114746,0.007157867
4096,134217728,sin(60x)cos(60y),60,60,Bzip2,7046148,0.05249789357185364,42.606172009
4096,134217728,sin(60x)cos(60y),60,60,LZ4Fast,132895032,0.9901451468467712,0.411701236
4096,134217728,sin(60x)cos(60y),60,60,LZ4Frame,33959948,0.25302132964134216,0.044684116
4096,134217728,sin(60x)cos(60y),60,60,Xz,39016,0.0002906918525695801,2.256240571
4096,134217728,sin(60x)cos(60y),60,60,Zlib,56488133,0.4208693876862526,1.811827111
4096,134217728,sin(60x)cos(60y),60,60,Zstd,53766,0.00040058791637420654,0.022968874
16,2048,sin(65x)cos(65y),65,65,Bzip2,223,0.10888671875,0.000145269
16,2048,sin(65x)cos(65y),65,65,LZ4Fast,140,0.068359375,9.045e-6
16,2048,sin(65x)cos(65y),65,65,LZ4Frame,138,0.0673828125,6.765e-6
16,2048,sin(65x)cos(65y),65,65,Xz,180,0.087890625,0.00122919
16,2048,sin(65x)cos(65y),65,65,Zlib,127,0.06201171875,3.7791e-5
16,2048,sin(65x)cos(65y),65,65,Zstd,115,0.05615234375,8.2419e-5
32,8192,sin(65x)cos(65y),65,65,Bzip2,415,0.0506591796875,0.0004651
32,8192,sin(65x)cos(65y),65,65,LZ4Fast,330,0.040283203125,8.392e-6
32,8192,sin(65x)cos(65y),65,65,LZ4Frame,251,0.0306396484375,6.655e-6
32,8192,sin(65x)cos(65y),65,65,Xz,288,0.03515625,0.001760454
32,8192,sin(65x)cos(65y),65,65,Zlib,271,0.0330810546875,5.4067e-5
32,8192,sin(65x)cos(65y),65,65,Zstd,203,0.0247802734375,8.2067e-5
64,32768,sin(65x)cos(65y),65,65,Bzip2,895,0.027313232421875,0.004143286
64,32768,sin(65x)cos(65y),65,65,LZ4Fast,952,0.029052734375,1.7078e-5
64,32768,sin(65x)cos(65y),65,65,LZ4Frame,561,0.017120361328125,1.8553e-5
64,32768,sin(65x)cos(65y),65,65,Xz,500,0.0152587890625,0.002331534
64,32768,sin(65x)cos(65y),65,65,Zlib,592,0.01806640625,0.000147815
64,32768,sin(65x)cos(65y),65,65,Zstd,404,0.0123291015625,8.7351e-5
128,131072,sin(65x)cos(65y),65,65,Bzip2,1703,0.01299285888671875,0.018141296
128,131072,sin(65x)cos(65y),65,65,LZ4Fast,2961,0.02259063720703125,4.809e-5
128,131072,sin(65x)cos(65y),65,65,LZ4Frame,1345,0.01026153564453125,1.8209e-5
128,131072,sin(65x)cos(65y),65,65,Xz,840,0.00640869140625,0.00372251
128,131072,sin(65x)cos(65y),65,65,Zlib,1464,0.01116943359375,0.000425296
128,131072,sin(65x)cos(65y),65,65,Zstd,788,0.006011962890625,9.6426e-5
256,524288,sin(65x)cos(65y),65,65,Bzip2,3340,0.00637054443359375,0.093955196
256,524288,sin(65x)cos(65y),65,65,LZ4Fast,316571,0.6038112640380859,0.000773305
256,524288,sin(65x)cos(65y),65,65,LZ4Frame,8919,0.017011642456054688,5.0743e-5
256,524288,sin(65x)cos(65y),65,65,Xz,1520,0.002899169921875,0.009407588
256,524288,sin(65x)cos(65y),65,65,Zlib,4414,0.008419036865234375,0.001708354
256,524288,sin(65x)cos(65y),65,65,Zstd,1603,0.0030574798583984375,0.000190407
512,2097152,sin(65x)cos(65y),65,65,Bzip2,21822,0.010405540466308594,0.577725439
512,2097152,sin(65x)cos(65y),65,65,LZ4Fast,1790264,0.8536643981933594,0.00244064
512,2097152,sin(65x)cos(65y),65,65,LZ4Frame,94724,0.04516792297363281,0.000343732
512,2097152,sin(65x)cos(65y),65,65,Xz,2984,0.001422882080078125,0.029675185
512,2097152,sin(65x)cos(65y),65,65,Zlib,15431,0.007358074188232422,0.00634843
512,2097152,sin(65x)cos(65y),65,65,Zstd,3541,0.0016884803771972656,0.00059309
1024,8388608,sin(65x)cos(65y),65,65,Bzip2,134999,0.016093134880065918,2.557046357
1024,8388608,sin(65x)cos(65y),65,65,LZ4Fast,7829828,0.9333882331848145,0.007965499
1024,8388608,sin(65x)cos(65y),65,65,LZ4Frame,532107,0.06343209743499756,0.00119876
1024,8388608,sin(65x)cos(65y),65,65,Xz,6248,0.0007448196411132812,0.111588049
1024,8388608,sin(65x)cos(65y),65,65,Zlib,59259,0.007064223289489746,0.025659427
1024,8388608,sin(65x)cos(65y),65,65,Zstd,7851,0.0009359121322631836,0.001666653
2048,33554432,sin(65x)cos(65y),65,65,Bzip2,924727,0.027559012174606323,10.769836929
2048,33554432,sin(65x)cos(65y),65,65,LZ4Fast,32586093,0.9711412489414215,0.054612698
2048,33554432,sin(65x)cos(65y),65,65,LZ4Frame,4243468,0.12646520137786865,0.140495471
2048,33554432,sin(65x)cos(65y),65,65,Xz,14684,0.00043761730194091797,0.463336499
2048,33554432,sin(65x)cos(65y),65,65,Zlib,240377,0.007163792848587036,0.106186637
2048,33554432,sin(65x)cos(65y),65,65,Zstd,20501,0.0006109774112701416,0.006075829
4096,134217728,sin(65x)cos(65y),65,65,Bzip2,6961425,0.05186665803194046,42.584952072
4096,134217728,sin(65x)cos(65y),65,65,LZ4Fast,132952369,0.9905723407864571,0.409471531
4096,134217728,sin(65x)cos(65y),65,65,LZ4Frame,33914891,0.25268562883138657,0.043713819
4096,134217728,sin(65x)cos(65y),65,65,Xz,38936,0.00029009580612182617,2.272059055
4096,134217728,sin(65x)cos(65y),65,65,Zlib,56955831,0.4243540093302727,1.844137991
4096,134217728,sin(65x)cos(65y),65,65,Zstd,42542,0.0003169625997543335,0.027186564
16,2048,sin(70x)cos(70y),70,70,Bzip2,220,0.107421875,0.000148942
16,2048,sin(70x)cos(70y),70,70,LZ4Fast,142,0.0693359375,6.938e-6
16,2048,sin(70x)cos(70y),70,70,LZ4Frame,140,0.068359375,9.443e-6
16,2048,sin(70x)cos(70y),70,70,Xz,176,0.0859375,0.001737458
16,2048,sin(70x)cos(70y),70,70,Zlib,122,0.0595703125,3.8745e-5
16,2048,sin(70x)cos(70y),70,70,Zstd,111,0.05419921875,8.4162e-5
32,8192,sin(70x)cos(70y),70,70,Bzip2,432,0.052734375,0.000473196
32,8192,sin(70x)cos(70y),70,70,LZ4Fast,338,0.041259765625,9.493e-6
32,8192,sin(70x)cos(70y),70,70,LZ4Frame,259,0.0316162109375,6.009e-6
32,8192,sin(70x)cos(70y),70,70,Xz,296,0.0361328125,0.001603227
32,8192,sin(70x)cos(70y),70,70,Zlib,277,0.0338134765625,5.9916e-5
32,8192,sin(70x)cos(70y),70,70,Zstd,209,0.0255126953125,8.1209e-5
64,32768,sin(70x)cos(70y),70,70,Bzip2,901,0.027496337890625,0.004001772
64,32768,sin(70x)cos(70y),70,70,LZ4Fast,952,0.029052734375,1.6117e-5
64,32768,sin(70x)cos(70y),70,70,LZ4Frame,554,0.01690673828125,9.154e-6
64,32768,sin(70x)cos(70y),70,70,Xz,500,0.0152587890625,0.001920965
64,32768,sin(70x)cos(70y),70,70,Zlib,589,0.017974853515625,0.000151836
64,32768,sin(70x)cos(70y),70,70,Zstd,398,0.01214599609375,7.3445e-5
128,131072,sin(70x)cos(70y),70,70,Bzip2,1719,0.01311492919921875,0.018237766
128,131072,sin(70x)cos(70y),70,70,LZ4Fast,2972,0.022674560546875,5.0338e-5
128,131072,sin(70x)cos(70y),70,70,LZ4Frame,1359,0.01036834716796875,1.7729e-5
128,131072,sin(70x)cos(70y),70,70,Xz,840,0.00640869140625,0.002718345
128,131072,sin(70x)cos(70y),70,70,Zlib,1470,0.0112152099609375,0.000426625
128,131072,sin(70x)cos(70y),70,70,Zstd,800,0.006103515625,9.4553e-5
256,524288,sin(70x)cos(70y),70,70,Bzip2,3304,0.0063018798828125,0.095269785
256,524288,sin(70x)cos(70y),70,70,LZ4Fast,296458,0.5654487609863281,0.000759622
256,524288,sin(70x)cos(70y),70,70,LZ4Frame,8843,0.016866683959960938,5.0596e-5
256,524288,sin(70x)cos(70y),70,70,Xz,1536,0.0029296875,0.008581076
256,524288,sin(70x)cos(70y),70,70,Zlib,4409,0.008409500122070312,0.001601419
256,524288,sin(70x)cos(70y),70,70,Zstd,1590,0.003032684326171875,0.00020506
512,2097152,sin(70x)cos(70y),70,70,Bzip2,21719,0.010356426239013672,0.547414241
512,2097152,sin(70x)cos(70y),70,70,LZ4Fast,1801530,0.8590364456176758,0.002384406
512,2097152,sin(70x)cos(70y),70,70,LZ4Frame,95051,0.045323848724365234,0.000332547
512,2097152,sin(70x)cos(70y),70,70,Xz,2996,0.0014286041259765625,0.029415025
512,2097152,sin(70x)cos(70y),70,70,Zlib,15428,0.0073566436767578125,0.006367654
512,2097152,sin(70x)cos(70y),70,70,Zstd,3517,0.0016770362854003906,0.000585972
1024,8388608,sin(70x)cos(70y),70,70,Bzip2,134520,0.016036033630371094,2.557107692
1024,8388608,sin(70x)cos(70y),70,70,LZ4Fast,7848247,0.9355839490890503,0.008186715
1024,8388608,sin(70x)cos(70y),70,70,LZ4Frame,527052,0.06282949447631836,0.001133104
1024,8388608,sin(70x)cos(70y),70,70,Xz,5728,0.000682830810546875,0.111845505
1024,8388608,sin(70x)cos(70y),70,70,Zlib,59202,0.0070574283599853516,0.026205029
1024,8388608,sin(70x)cos(70y),70,70,Zstd,7765,0.0009256601333618164,0.001641657
2048,33554432,sin(70x)cos(70y),70,70,Bzip2,920490,0.027432739734649658,10.776825816
2048,33554432,sin(70x)cos(70y),70,70,LZ4Fast,32436602,0.9666860699653625,0.055661842
2048,33554432,sin(70x)cos(70y),70,70,LZ4Frame,4229387,0.12604555487632751,0.14650099
2048,33554432,sin(70x)cos(70y),70,70,Xz,14520,0.00043272972106933594,0.463309469
2048,33554432,sin(70x)cos(70y),70,70,Zlib,240357,0.007163196802139282,0.106268076
2048,33554432,sin(70x)cos(70y),70,70,Zstd,17626,0.0005252957344055176,0.007203587
4096,134217728,sin(70x)cos(70y),70,70,Bzip2,6972934,0.05195240676403046,42.580243079
4096,134217728,sin(70x)cos(70y),70,70,LZ4Fast,132919643,0.9903285130858421,0.412628916
4096,134217728,sin(70x)cos(70y),70,70,LZ4Frame,33897483,0.2525559291243553,0.045342868
4096,134217728,sin(70x)cos(70y),70,70,Xz,38716,0.00028845667839050293,2.260607764
4096,134217728,sin(70x)cos(70y),70,70,Zlib,56685255,0.4223380610346794,1.810100426
4096,134217728,sin(70x)cos(70y),70,70,Zstd,54073,0.00040287524461746216,0.023510882
16,2048,sin(75x)cos(75y),75,75,Bzip2,217,0.10595703125,0.000144723
16,2048,sin(75x)cos(75y),75,75,LZ4Fast,136,0.06640625,6.465e-6
16,2048,sin(75x)cos(75y),75,75,LZ4Frame,134,0.0654296875,8.231e-6
16,2048,sin(75x)cos(75y),75,75,Xz,180,0.087890625,0.001278521
16,2048,sin(75x)cos(75y),75,75,Zlib,123,0.06005859375,3.5866e-5
16,2048,sin(75x)cos(75y),75,75,Zstd,113,0.05517578125,8.2481e-5
32,8192,sin(75x)cos(75y),75,75,Bzip2,431,0.0526123046875,0.000480556
32,8192,sin(75x)cos(75y),75,75,LZ4Fast,338,0.041259765625,9.268e-6
32,8192,sin(75x)cos(75y),75,75,LZ4Frame,259,0.0316162109375,7.32e-6
32,8192,sin(75x)cos(75y),75,75,Xz,296,0.0361328125,0.001719107
32,8192,sin(75x)cos(75y),75,75,Zlib,278,0.033935546875,6.3132e-5
32,8192,sin(75x)cos(75y),75,75,Zstd,209,0.0255126953125,7.8686e-5
64,32768,sin(75x)cos(75y),75,75,Bzip2,908,0.0277099609375,0.004094468
64,32768,sin(75x)cos(75y),75,75,LZ4Fast,943,0.028778076171875,1.6011e-5
64,32768,sin(75x)cos(75y),75,75,LZ4Frame,552,0.016845703125,1.6125e-5
64,32768,sin(75x)cos(75y),75,75,Xz,500,0.0152587890625,0.002553681
64,32768,sin(75x)cos(75y),75,75,Zlib,586,0.01788330078125,0.000147921
64,32768,sin(75x)cos(75y),75,75,Zstd,394,0.01202392578125,0.000321836
128,131072,sin(75x)cos(75y),75,75,Bzip2,1723,0.01314544677734375,0.018276051
128,131072,sin(75x)cos(75y),75,75,LZ4Fast,2979,0.02272796630859375,4.7979e-5
128,131072,sin(75x)cos(75y),75,75,LZ4Frame,1361,0.01038360595703125,1.6927e-5
128,131072,sin(75x)cos(75y),75,75,Xz,844,0.006439208984375,0.002799605
128,131072,sin(75x)cos(75y),75,75,Zlib,1478,0.0112762451171875,0.000478913
128,131072,sin(75x)cos(75y),75,75,Zstd,808,0.00616455078125,9.8967e-5
256,524288,sin(75x)cos(75y),75,75,Bzip2,3297,0.0062885284423828125,0.102826988
256,524288,sin(75x)cos(75y),75,75,LZ4Fast,307679,0.5868511199951172,0.000753908
256,524288,sin(75x)cos(75y),75,75,LZ4Frame,8868,0.01691436767578125,5.3525e-5
256,524288,sin(75x)cos(75y),75,75,Xz,1540,0.00293731689453125,0.008828911
256,524288,sin(75x)cos(75y),75,75,Zlib,4408,0.0084075927734375,0.001602404
256,524288,sin(75x)cos(75y),75,75,Zstd,1602,0.003055572509765625,0.000207197
512,2097152,sin(75x)cos(75y),75,75,Bzip2,21695,0.010344982147216797,0.592095409
512,2097152,sin(75x)cos(75y),75,75,LZ4Fast,1780053,0.8487954139709473,0.002395609
512,2097152,sin(75x)cos(75y),75,75,LZ4Frame,93902,0.044775962829589844,0.000352714
512,2097152,sin(75x)cos(75y),75,75,Xz,3008,0.001434326171875,0.02991239
512,2097152,sin(75x)cos(75y),75,75,Zlib,15408,0.00734710693359375,0.006368657
512,2097152,sin(75x)cos(75y),75,75,Zstd,3507,0.0016722679138183594,0.000872856
1024,8388608,sin(75x)cos(75y),75,75,Bzip2,134769,0.01606571674346924,2.558052049
1024,8388608,sin(75x)cos(75y),75,75,LZ4Fast,7774561,0.9267998933792114,0.008224528
1024,8388608,sin(75x)cos(75y),75,75,LZ4Frame,526668,0.06278371810913086,0.00125715
1024,8388608,sin(75x)cos(75y),75,75,Xz,6224,0.0007419586181640625,0.113390556
1024,8388608,sin(75x)cos(75y),75,75,Zlib,59232,0.007061004638671875,0.025916548
1024,8388608,sin(75x)cos(75y),75,75,Zstd,7820,0.0009322166442871094,0.001644604
2048,33554432,sin(75x)cos(75y),75,75,Bzip2,923602,0.027525484561920166,10.771810963
2048,33554432,sin(75x)cos(75y),75,75,LZ4Fast,32467330,0.9676018357276917,0.055201456
2048,33554432,sin(75x)cos(75y),75,75,LZ4Frame,4221963,0.12582430243492126,0.141349164
2048,33554432,sin(75x)cos(75y),75,75,Xz,14588,0.0004347562789916992,0.466099221
2048,33554432,sin(75x)cos(75y),75,75,Zlib,240397,0.00716438889503479,0.108110043
2048,33554432,sin(75x)cos(75y),75,75,Zstd,20471,0.0006100833415985107,0.006027756
4096,134217728,sin(75x)cos(75y),75,75,Bzip2,6942855,0.051728300750255585,42.535050233
4096,134217728,sin(75x)cos(75y),75,75,LZ4Fast,132833619,0.9896875843405724,0.42016955
4096,134217728,sin(75x)cos(75y),75,75,LZ4Frame,33958923,0.2530136927962303,0.046512307
4096,134217728,sin(75x)cos(75y),75,75,Xz,38716,0.00028845667839050293,2.254151581
4096,134217728,sin(75x)cos(75y),75,75,Zlib,56670339,0.4222269281744957,1.858506123
4096,134217728,sin(75x)cos(75y),75,75,Zstd,53993,0.00040227919816970825,0.022601677
16,2048,sin(80x)cos(80y),80,80,Bzip2,222,0.1083984375,0.000147593
16,2048,sin(80x)cos(80y),80,80,LZ4Fast,138,0.0673828125,7.387e-6
16,2048,sin(80x)cos(80y),80,80,LZ4Frame,136,0.06640625,8.372e-6
16,2048,sin(80x)cos(80y),80,80,Xz,180,0.087890625,0.001271468
16,2048,sin(80x)cos(80y),80,80,Zlib,126,0.0615234375,3.5931e-5
16,2048,sin(80x)cos(80y),80,80,Zstd,115,0.05615234375,8.0985e-5
32,8192,sin(80x)cos(80y),80,80,Bzip2,445,0.0543212890625,0.000471211
32,8192,sin(80x)cos(80y),80,80,LZ4Fast,343,0.0418701171875,8.918e-6
32,8192,sin(80x)cos(80y),80,80,LZ4Frame,264,0.0322265625,6.647e-6
32,8192,sin(80x)cos(80y),80,80,Xz,296,0.0361328125,0.001734048
32,8192,sin(80x)cos(80y),80,80,Zlib,279,0.0340576171875,6.1282e-5
32,8192,sin(80x)cos(80y),80,80,Zstd,213,0.0260009765625,8.0064e-5
64,32768,sin(80x)cos(80y),80,80,Bzip2,925,0.028228759765625,0.004135799
64,32768,sin(80x)cos(80y),80,80,LZ4Fast,951,0.029022216796875,1.7066e-5
64,32768,sin(80x)cos(80y),80,80,LZ4Frame,553,0.016876220703125,1.8604e-5
64,32768,sin(80x)cos(80y),80,80,Xz,496,0.01513671875,0.002330722
64,32768,sin(80x)cos(80y),80,80,Zlib,589,0.017974853515625,0.000147925
64,32768,sin(80x)cos(80y),80,80,Zstd,396,0.0120849609375,0.000359119
128,131072,sin(80x)cos(80y),80,80,Bzip2,1732,0.013214111328125,0.018226266
128,131072,sin(80x)cos(80y),80,80,LZ4Fast,2974,0.0226898193359375,4.5603e-5
128,131072,sin(80x)cos(80y),80,80,LZ4Frame,1356,0.010345458984375,1.6167e-5
128,131072,sin(80x)cos(80y),80,80,Xz,848,0.0064697265625,0.002861607
128,131072,sin(80x)cos(80y),80,80,Zlib,1480,0.01129150390625,0.000443771
128,131072,sin(80x)cos(80y),80,80,Zstd,803,0.00612640380859375,9.428e-5
256,524288,sin(80x)cos(80y),80,80,Bzip2,3293,0.0062808990478515625,0.094163755
256,524288,sin(80x)cos(80y),80,80,LZ4Fast,302537,0.5770435333251953,0.000755553
256,524288,sin(80x)cos(80y),80,80,LZ4Frame,8848,0.016876220703125,5.4383e-5
256,524288,sin(80x)cos(80y),80,80,Xz,1512,0.0028839111328125,0.008670916
256,524288,sin(80x)cos(80y),80,80,Zlib,4398,0.008388519287109375,0.001617283
256,524288,sin(80x)cos(80y),80,80,Zstd,1567,0.0029888153076171875,0.000208477
512,2097152,sin(80x)cos(80y),80,80,Bzip2,21967,0.010474681854248047,0.591704169
512,2097152,sin(80x)cos(80y),80,80,LZ4Fast,1789266,0.8531885147094727,0.00242784
512,2097152,sin(80x)cos(80y),80,80,LZ4Frame,94764,0.04518699645996094,0.00036118
512,2097152,sin(80x)cos(80y),80,80,Xz,3000,0.001430511474609375,0.02978062
512,2097152,sin(80x)cos(80y),80,80,Zlib,15409,0.007347583770751953,0.006671027
512,2097152,sin(80x)cos(80y),80,80,Zstd,3512,0.001674652099609375,0.000877348
1024,8388608,sin(80x)cos(80y),80,80,Bzip2,134827,0.016072630882263184,2.5570463
1024,8388608,sin(80x)cos(80y),80,80,LZ4Fast,7785833,0.9281436204910278,0.008357688
1024,8388608,sin(80x)cos(80y),80,80,LZ4Frame,528971,0.06305825710296631,0.001207826
1024,8388608,sin(80x)cos(80y),80,80,Xz,6256,0.0007457733154296875,0.112423928
1024,8388608,sin(80x)cos(80y),80,80,Zlib,59242,0.007062196731567383,0.025966444
1024,8388608,sin(80x)cos(80y),80,80,Zstd,7778,0.0009272098541259766,0.00163126
2048,33554432,sin(80x)cos(80y),80,80,Bzip2,922293,0.027486473321914673,10.778514819
2048,33554432,sin(80x)cos(80y),80,80,LZ4Fast,32463228,0.9674795866012573,0.05486973
2048,33554432,sin(80x)cos(80y),80,80,LZ4Frame,4253197,0.12675514817237854,0.140328408
2048,33554432,sin(80x)cos(80y),80,80,Xz,14572,0.0004342794418334961,0.46488848
2048,33554432,sin(80x)cos(80y),80,80,Zlib,240384,0.00716400146484375,0.106551252
2048,33554432,sin(80x)cos(80y),80,80,Zstd,17634,0.0005255341529846191,0.007177818
4096,134217728,sin(80x)cos(80y),80,80,Bzip2,6960305,0.051858313381671906,42.611741081
4096,134217728,sin(80x)cos(80y),80,80,LZ4Fast,132776295,0.9892604872584343,0.41133223
4096,134217728,sin(80x)cos(80y),80,80,LZ4Frame,33884172,0.25245675444602966,0.043030121
4096,134217728,sin(80x)cos(80y),80,80,Xz,38616,0.00028771162033081055,2.251393822
4096,134217728,sin(80x)cos(80y),80,80,Zlib,56074347,0.41778644174337387,1.792675235
4096,134217728,sin(80x)cos(80y),80,80,Zstd,53562,0.0003990679979324341,0.022758268
16,2048,sin(85x)cos(85y),85,85,Bzip2,214,0.1044921875,0.000144455
16,2048,sin(85x)cos(85y),85,85,LZ4Fast,135,0.06591796875,6.668e-6
16,2048,sin(85x)cos(85y),85,85,LZ4Frame,133,0.06494140625,7.417e-6
16,2048,sin(85x)cos(85y),85,85,Xz,176,0.0859375,0.001269767
16,2048,sin(85x)cos(85y),85,85,Zlib,124,0.060546875,3.5807e-5
16,2048,sin(85x)cos(85y),85,85,Zstd,112,0.0546875,8.2391e-5
32,8192,sin(85x)cos(85y),85,85,Bzip2,439,0.0535888671875,0.000472802
32,8192,sin(85x)cos(85y),85,85,LZ4Fast,334,0.040771484375,1.0483e-5
32,8192,sin(85x)cos(85y),85,85,LZ4Frame,255,0.0311279296875,6.962e-6
32,8192,sin(85x)cos(85y),85,85,Xz,292,0.03564453125,0.001719518
32,8192,sin(85x)cos(85y),85,85,Zlib,274,0.033447265625,5.8556e-5
32,8192,sin(85x)cos(85y),85,85,Zstd,205,0.0250244140625,8.0152e-5
64,32768,sin(85x)cos(85y),85,85,Bzip2,909,0.027740478515625,0.004132515
64,32768,sin(85x)cos(85y),85,85,LZ4Fast,953,0.029083251953125,1.677e-5
64,32768,sin(85x)cos(85y),85,85,LZ4Frame,562,0.01715087890625,2.0164e-5
64,32768,sin(85x)cos(85y),85,85,Xz,488,0.014892578125,0.002307174
64,32768,sin(85x)cos(85y),85,85,Zlib,585,0.017852783203125,0.000145579
64,32768,sin(85x)cos(85y),85,85,Zstd,401,0.012237548828125,0.000359202
128,131072,sin(85x)cos(85y),85,85,Bzip2,1728,0.01318359375,0.018453736
128,131072,sin(85x)cos(85y),85,85,LZ4Fast,2985,0.02277374267578125,4.7546e-5
128,131072,sin(85x)cos(85y),85,85,LZ4Frame,1371,0.01045989990234375,1.6262e-5
128,131072,sin(85x)cos(85y),85,85,Xz,840,0.00640869140625,0.002835378
128,131072,sin(85x)cos(85y),85,85,Zlib,1479,0.01128387451171875,0.000431797
128,131072,sin(85x)cos(85y),85,85,Zstd,813,0.00620269775390625,9.449e-5
256,524288,sin(85x)cos(85y),85,85,Bzip2,3279,0.0062541961669921875,0.094781888
256,524288,sin(85x)cos(85y),85,85,LZ4Fast,299480,0.5712127685546875,0.000748358
256,524288,sin(85x)cos(85y),85,85,LZ4Frame,8780,0.01674652099609375,5.5825e-5
256,524288,sin(85x)cos(85y),85,85,Xz,1512,0.0028839111328125,0.008726442
256,524288,sin(85x)cos(85y),85,85,Zlib,4390,0.008373260498046875,0.001603842
256,524288,sin(85x)cos(85y),85,85,Zstd,1550,0.002956390380859375,0.000207873
512,2097152,sin(85x)cos(85y),85,85,Bzip2,21606,0.010302543640136719,0.592723345
512,2097152,sin(85x)cos(85y),85,85,LZ4Fast,1786189,0.8517212867736816,0.002470795
512,2097152,sin(85x)cos(85y),85,85,LZ4Frame,65572,0.03126716613769531,0.000251657
512,2097152,sin(85x)cos(85y),85,85,Xz,2992,0.00142669677734375,0.030038478
512,2097152,sin(85x)cos(85y),85,85,Zlib,15422,0.007353782653808594,0.006416597
512,2097152,sin(85x)cos(85y),85,85,Zstd,3503,0.0016703605651855469,0.000867789
1024,8388608,sin(85x)cos(85y),85,85,Bzip2,134813,0.016070961952209473,2.563476885
1024,8388608,sin(85x)cos(85y),85,85,LZ4Fast,7780716,0.9275336265563965,0.008188464
1024,8388608,sin(85x)cos(85y),85,85,LZ4Frame,523979,0.06246316432952881,0.001159334
1024,8388608,sin(85x)cos(85y),85,85,Xz,6244,0.0007443428039550781,0.114443266
1024,8388608,sin(85x)cos(85y),85,85,Zlib,59230,0.0070607662200927734,0.025847379
1024,8388608,sin(85x)cos(85y),85,85,Zstd,7760,0.0009250640869140625,0.001664232
2048,33554432,sin(85x)cos(85y),85,85,Bzip2,920816,0.027442455291748047,10.780716493
2048,33554432,sin(85x)cos(85y),85,85,LZ4Fast,32477577,0.9679072201251984,0.054239249
2048,33554432,sin(85x)cos(85y),85,85,LZ4Frame,4231180,0.12609899044036865,0.139188967
2048,33554432,sin(85x)cos(85y),85,85,Xz,14656,0.0004367828369140625,0.453587435
2048,33554432,sin(85x)cos(85y),85,85,Zlib,240358,0.00716322660446167,0.107035952
2048,33554432,sin(85x)cos(85y),85,85,Zstd,17694,0.0005273222923278809,0.007182438
4096,134217728,sin(85x)cos(85y),85,85,Bzip2,6930255,0.051634423434734344,42.53136199
4096,134217728,sin(85x)cos(85y),85,85,LZ4Fast,132813132,0.9895349442958832,0.417248977
4096,134217728,sin(85x)cos(85y),85,85,LZ4Frame,33853451,0.25222786515951157,0.044833602
4096,134217728,sin(85x)cos(85y),85,85,Xz,38712,0.00028842687606811523,2.250073288
4096,134217728,sin(85x)cos(85y),85,85,Zlib,56286802,0.4193693548440933,1.859725673
4096,134217728,sin(85x)cos(85y),85,85,Zstd,53691,0.00040002912282943726,0.022671498
16,2048,sin(90x)cos(90y),90,90,Bzip2,216,0.10546875,0.000143675
16,2048,sin(90x)cos(90y),90,90,LZ4Fast,142,0.0693359375,6.664e-6
16,2048,sin(90x)cos(90y),90,90,LZ4Frame,140,0.068359375,7.825e-6
16,2048,sin(90x)cos(90y),90,90,Xz,180,0.087890625,0.001268652
16,2048,sin(90x)cos(90y),90,90,Zlib,123,0.06005859375,3.8118e-5
16,2048,sin(90x)cos(90y),90,90,Zstd,111,0.05419921875,8.2919e-5
32,8192,sin(90x)cos(90y),90,90,Bzip2,420,0.05126953125,0.000475131
32,8192,sin(90x)cos(90y),90,90,LZ4Fast,341,0.0416259765625,8.631e-6
32,8192,sin(90x)cos(90y),90,90,LZ4Frame,261,0.0318603515625,7.413e-6
32,8192,sin(90x)cos(90y),90,90,Xz,288,0.03515625,0.001727017
32,8192,sin(90x)cos(90y),90,90,Zlib,268,0.03271484375,5.4625e-5
32,8192,sin(90x)cos(90y),90,90,Zstd,200,0.0244140625,7.944e-5
64,32768,sin(90x)cos(90y),90,90,Bzip2,873,0.026641845703125,0.004097849
64,32768,sin(90x)cos(90y),90,90,LZ4Fast,953,0.029083251953125,1.7304e-5
64,32768,sin(90x)cos(90y),90,90,LZ4Frame,555,0.016937255859375,1.7986e-5
64,32768,sin(90x)cos(90y),90,90,Xz,500,0.0152587890625,0.002303867
64,32768,sin(90x)cos(90y),90,90,Zlib,588,0.0179443359375,0.000147966
64,32768,sin(90x)cos(90y),90,90,Zstd,399,0.012176513671875,0.000359818
128,131072,sin(90x)cos(90y),90,90,Bzip2,1735,0.01323699951171875,0.018434783
128,131072,sin(90x)cos(90y),90,90,LZ4Fast,2993,0.02283477783203125,4.5814e-5
128,131072,sin(90x)cos(90y),90,90,LZ4Frame,1378,0.0105133056640625,1.6035e-5
128,131072,sin(90x)cos(90y),90,90,Xz,848,0.0064697265625,0.002836738
128,131072,sin(90x)cos(90y),90,90,Zlib,1487,0.01134490966796875,0.000532194
128,131072,sin(90x)cos(90y),90,90,Zstd,828,0.006317138671875,9.547e-5
256,524288,sin(90x)cos(90y),90,90,Bzip2,3263,0.0062236785888671875,0.094304409
256,524288,sin(90x)cos(90y),90,90,LZ4Fast,296664,0.5658416748046875,0.000737112
256,524288,sin(90x)cos(90y),90,90,LZ4Frame,8732,0.01665496826171875,5.1455e-5
256,524288,sin(90x)cos(90y),90,90,Xz,1528,0.0029144287109375,0.008835021
256,524288,sin(90x)cos(90y),90,90,Zlib,4386,0.008365631103515625,0.001691267
256,524288,sin(90x)cos(90y),90,90,Zstd,1564,0.00298309326171875,0.000204342
512,2097152,sin(90x)cos(90y),90,90,Bzip2,21724,0.010358810424804688,0.59319057
512,2097152,sin(90x)cos(90y),90,90,LZ4Fast,1787196,0.8522014617919922,0.002416057
512,2097152,sin(90x)cos(90y),90,90,LZ4Frame,75642,0.03606891632080078,0.000326661
512,2097152,sin(90x)cos(90y),90,90,Xz,2964,0.0014133453369140625,0.030020303
512,2097152,sin(90x)cos(90y),90,90,Zlib,15422,0.007353782653808594,0.006347659
512,2097152,sin(90x)cos(90y),90,90,Zstd,3491,0.0016646385192871094,0.000871918
1024,8388608,sin(90x)cos(90y),90,90,Bzip2,134475,0.01603066921234131,2.561471865
1024,8388608,sin(90x)cos(90y),90,90,LZ4Fast,7800159,0.9298514127731323,0.008228934
1024,8388608,sin(90x)cos(90y),90,90,LZ4Frame,522124,0.06224203109741211,0.001172311
1024,8388608,sin(90x)cos(90y),90,90,Xz,6144,0.000732421875,0.114606517
1024,8388608,sin(90x)cos(90y),90,90,Zlib,59233,0.007061123847961426,0.026655754
1024,8388608,sin(90x)cos(90y),90,90,Zstd,7778,0.0009272098541259766,0.001626306
2048,33554432,sin(90x)cos(90y),90,90,Bzip2,922528,0.02749347686767578,10.779566119
2048,33554432,sin(90x)cos(90y),90,90,LZ4Fast,32538981,0.9697372019290924,0.054502018
2048,33554432,sin(90x)cos(90y),90,90,LZ4Frame,4236043,0.12624391913414001,0.139967552
2048,33554432,sin(90x)cos(90y),90,90,Xz,14584,0.00043463706970214844,0.452649756
2048,33554432,sin(90x)cos(90y),90,90,Zlib,240376,0.0071637630462646484,0.106059982
2048,33554432,sin(90x)cos(90y),90,90,Zstd,17697,0.0005274116992950439,0.00715281
4096,134217728,sin(90x)cos(90y),90,90,Bzip2,6960184,0.05185741186141968,42.513149918
4096,134217728,sin(90x)cos(90y),90,90,LZ4Fast,132718950,0.9888332337141037,0.410256398
4096,134217728,sin(90x)cos(90y),90,90,LZ4Frame,33819660,0.2519761025905609,0.041471117
4096,134217728,sin(90x)cos(90y),90,90,Xz,39020,0.0002907216548919678,2.240629255
4096,134217728,sin(90x)cos(90y),90,90,Zlib,56473485,0.42076025158166885,1.835163197
4096,134217728,sin(90x)cos(90y),90,90,Zstd,54075,0.000402890145778656,0.022772153
16,2048,sin(95x)cos(95y),95,95,Bzip2,222,0.1083984375,0.000143612
16,2048,sin(95x)cos(95y),95,95,LZ4Fast,140,0.068359375,6.82e-6
16,2048,sin(95x)cos(95y),95,95,LZ4Frame,138,0.0673828125,8.118e-6
16,2048,sin(95x)cos(95y),95,95,Xz,184,0.08984375,0.001265273
16,2048,sin(95x)cos(95y),95,95,Zlib,127,0.06201171875,3.7758e-5
16,2048,sin(95x)cos(95y),95,95,Zstd,115,0.05615234375,8.1805e-5
32,8192,sin(95x)cos(95y),95,95,Bzip2,429,0.0523681640625,0.000477011
32,8192,sin(95x)cos(95y),95,95,LZ4Fast,337,0.0411376953125,8.679e-6
32,8192,sin(95x)cos(95y),95,95,LZ4Frame,258,0.031494140625,7.138e-6
32,8192,sin(95x)cos(95y),95,95,Xz,288,0.03515625,0.001758229
32,8192,sin(95x)cos(95y),95,95,Zlib,272,0.033203125,5.9452e-5
32,8192,sin(95x)cos(95y),95,95,Zstd,206,0.025146484375,7.9186e-5
64,32768,sin(95x)cos(95y),95,95,Bzip2,908,0.0277099609375,0.004116524
64,32768,sin(95x)cos(95y),95,95,LZ4Fast,961,0.029327392578125,1.6065e-5
64,32768,sin(95x)cos(95y),95,95,LZ4Frame,566,0.01727294921875,1.8949e-5
64,32768,sin(95x)cos(95y),95,95,Xz,508,0.0155029296875,0.002314518
64,32768,sin(95x)cos(95y),95,95,Zlib,597,0.018218994140625,0.000148349
64,32768,sin(95x)cos(95y),95,95,Zstd,407,0.012420654296875,0.000357977
128,131072,sin(95x)cos(95y),95,95,Bzip2,1740,0.013275146484375,0.018195695
128,131072,sin(95x)cos(95y),95,95,LZ4Fast,2992,0.0228271484375,4.6926e-5
128,131072,sin(95x)cos(95y),95,95,LZ4Frame,1374,0.0104827880859375,1.6582e-5
128,131072,sin(95x)cos(95y),95,95,Xz,840,0.00640869140625,0.002810535
128,131072,sin(95x)cos(95y),95,95,Zlib,1486,0.0113372802734375,0.000533196
128,131072,sin(95x)cos(95y),95,95,Zstd,819,0.00624847412109375,9.4973e-5
256,524288,sin(95x)cos(95y),95,95,Bzip2,3263,0.0062236785888671875,0.093261594
256,524288,sin(95x)cos(95y),95,95,LZ4Fast,295122,0.5629005432128906,0.000762898
256,524288,sin(95x)cos(95y),95,95,LZ4Frame,8735,0.016660690307617188,5.5147e-5
256,524288,sin(95x)cos(95y),95,95,Xz,1524,0.00290679931640625,0.008752783
256,524288,sin(95x)cos(95y),95,95,Zlib,4379,0.008352279663085938,0.001613547
256,524288,sin(95x)cos(95y),95,95,Zstd,1539,0.0029354095458984375,0.000205162
512,2097152,sin(95x)cos(95y),95,95,Bzip2,21641,0.010319232940673828,0.591241666
512,2097152,sin(95x)cos(95y),95,95,LZ4Fast,1785666,0.8514719009399414,0.002451867
512,2097152,sin(95x)cos(95y),95,95,LZ4Frame,94543,0.04508161544799805,0.000355324
512,2097152,sin(95x)cos(95y),95,95,Xz,3004,0.0014324188232421875,0.030325808
512,2097152,sin(95x)cos(95y),95,95,Zlib,15423,0.007354259490966797,0.006359127
512,2097152,sin(95x)cos(95y),95,95,Zstd,3489,0.0016636848449707031,0.000871702
1024,8388608,sin(95x)cos(95y),95,95,Bzip2,134655,0.01605212688446045,2.557423373
1024,8388608,sin(95x)cos(95y),95,95,LZ4Fast,7764355,0.9255832433700562,0.008194098
1024,8388608,sin(95x)cos(95y),95,95,LZ4Frame,527372,0.06286764144897461,0.001182834
1024,8388608,sin(95x)cos(95y),95,95,Xz,6268,0.0007472038269042969,0.114320438
1024,8388608,sin(95x)cos(95y),95,95,Zlib,59248,0.0070629119873046875,0.026242916
1024,8388608,sin(95x)cos(95y),95,95,Zstd,7769,0.0009261369705200195,0.001633282
2048,33554432,sin(95x)cos(95y),95,95,Bzip2,920470,0.027432143688201904,10.780511904
2048,33554432,sin(95x)cos(95y),95,95,LZ4Fast,32538985,0.969737321138382,0.054372598
2048,33554432,sin(95x)cos(95y),95,95,LZ4Frame,4227339,0.12598451972007751,0.139501602
2048,33554432,sin(95x)cos(95y),95,95,Xz,14596,0.0004349946975708008,0.459534544
2048,33554432,sin(95x)cos(95y),95,95,Zlib,240390,0.007164180278778076,0.106417915
2048,33554432,sin(95x)cos(95y),95,95,Zstd,20473,0.0006101429462432861,0.006039632
4096,134217728,sin(95x)cos(95y),95,95,Bzip2,6931090,0.051640644669532776,42.501437633
4096,134217728,sin(95x)cos(95y),95,95,LZ4Fast,132878663,0.9900231882929802,0.421975593
4096,134217728,sin(95x)cos(95y),95,95,LZ4Frame,33892364,0.25251778960227966,0.040237093
4096,134217728,sin(95x)cos(95y),95,95,Xz,38760,0.0002887845039367676,2.253636307
4096,134217728,sin(95x)cos(95y),95,95,Zlib,56628896,0.4219181537628174,1.885830175
4096,134217728,sin(95x)cos(95y),95,95,Zstd,43357,0.0003230348229408264,0.026961408
16,2048,sin(100x)cos(100y),100,100,Bzip2,212,0.103515625,0.000140742
16,2048,sin(100x)cos(100y),100,100,LZ4Fast,138,0.0673828125,6.854e-6
16,2048,sin(100x)cos(100y),100,100,LZ4Frame,136,0.06640625,7.828e-6
16,2048,sin(100x)cos(100y),100,100,Xz,176,0.0859375,0.001269032
16,2048,sin(100x)cos(100y),100,100,Zlib,119,0.05810546875,3.6087e-5
16,2048,sin(100x)cos(100y),100,100,Zstd,114,0.0556640625,8.1573e-5
32,8192,sin(100x)cos(100y),100,100,Bzip2,446,0.054443359375,0.000469701
32,8192,sin(100x)cos(100y),100,100,LZ4Fast,337,0.0411376953125,8.367e-6
32,8192,sin(100x)cos(100y),100,100,LZ4Frame,258,0.031494140625,6.412e-6
32,8192,sin(100x)cos(100y),100,100,Xz,296,0.0361328125,0.001724427
32,8192,sin(100x)cos(100y),100,100,Zlib,277,0.0338134765625,5.6331e-5
32,8192,sin(100x)cos(100y),100,100,Zstd,213,0.0260009765625,8.1346e-5
64,32768,sin(100x)cos(100y),100,100,Bzip2,943,0.028778076171875,0.004156818
64,32768,sin(100x)cos(100y),100,100,LZ4Fast,960,0.029296875,1.5139e-5
64,32768,sin(100x)cos(100y),100,100,LZ4Frame,569,0.017364501953125,1.8025e-5
64,32768,sin(100x)cos(100y),100,100,Xz,504,0.015380859375,0.002288916
64,32768,sin(100x)cos(100y),100,100,Zlib,594,0.01812744140625,0.000148747
64,32768,sin(100x)cos(100y),100,100,Zstd,408,0.012451171875,0.000352161
128,131072,sin(100x)cos(100y),100,100,Bzip2,1749,0.01334381103515625,0.018350679
128,131072,sin(100x)cos(100y),100,100,LZ4Fast,2993,0.02283477783203125,4.5308e-5
128,131072,sin(100x)cos(100y),100,100,LZ4Frame,1375,0.01049041748046875,1.6704e-5
128,131072,sin(100x)cos(100y),100,100,Xz,844,0.006439208984375,0.002771343
128,131072,sin(100x)cos(100y),100,100,Zlib,1482,0.0113067626953125,0.000510158
128,131072,sin(100x)cos(100y),100,100,Zstd,815,0.00621795654296875,9.8634e-5
256,524288,sin(100x)cos(100y),100,100,Bzip2,3219,0.0061397552490234375,0.100366761
256,524288,sin(100x)cos(100y),100,100,LZ4Fast,281114,0.5361824035644531,0.000755912
256,524288,sin(100x)cos(100y),100,100,LZ4Frame,8683,0.016561508178710938,5.3978e-5
256,524288,sin(100x)cos(100y),100,100,Xz,1504,0.00286865234375,0.008644083
256,524288,sin(100x)cos(100y),100,100,Zlib,4386,0.008365631103515625,0.001600248
256,524288,sin(100x)cos(100y),100,100,Zstd,1538,0.002933502197265625,0.000209992
512,2097152,sin(100x)cos(100y),100,100,Bzip2,21564,0.010282516479492188,0.588900331
512,2097152,sin(100x)cos(100y),100,100,LZ4Fast,1757532,0.8380565643310547,0.002422617
512,2097152,sin(100x)cos(100y),100,100,LZ4Frame,92723,0.04421377182006836,0.000356267
512,2097152,sin(100x)cos(100y),100,100,Xz,2996,0.0014286041259765625,0.030026434
512,2097152,sin(100x)cos(100y),100,100,Zlib,15410,0.007348060607910156,0.006650248
512,2097152,sin(100x)cos(100y),100,100,Zstd,3472,0.00165557861328125,0.000873683
1024,8388608,sin(100x)cos(100y),100,100,Bzip2,134904,0.016081809997558594,2.558047389
1024,8388608,sin(100x)cos(100y),100,100,LZ4Fast,7805269,0.9304605722427368,0.008221963
1024,8388608,sin(100x)cos(100y),100,100,LZ4Frame,519692,0.06195211410522461,0.001244581
1024,8388608,sin(100x)cos(100y),100,100,Xz,6264,0.0007467269897460938,0.114830163
1024,8388608,sin(100x)cos(100y),100,100,Zlib,59247,0.007062792778015137,0.025917684
1024,8388608,sin(100x)cos(100y),100,100,Zstd,7826,0.0009329319000244141,0.001651472
2048,33554432,sin(100x)cos(100y),100,100,Bzip2,920375,0.027429312467575073,10.778495525
2048,33554432,sin(100x)cos(100y),100,100,LZ4Fast,32510315,0.9688828885555267,0.054735526
2048,33554432,sin(100x)cos(100y),100,100,LZ4Frame,4227596,0.12599217891693115,0.14040603
2048,33554432,sin(100x)cos(100y),100,100,Xz,14664,0.00043702125549316406,0.457164791
2048,33554432,sin(100x)cos(100y),100,100,Zlib,240374,0.007163703441619873,0.106833814
2048,33554432,sin(100x)cos(100y),100,100,Zstd,17602,0.0005245804786682129,0.007183002
4096,134217728,sin(100x)cos(100y),100,100,Bzip2,7025674,0.05234535038471222,42.526849058
4096,134217728,sin(100x)cos(100y),100,100,LZ4Fast,133095693,0.9916401877999306,0.408566273
4096,134217728,sin(100x)cos(100y),100,100,LZ4Frame,33932299,0.2528153285384178,0.039629761
4096,134217728,sin(100x)cos(100y),100,100,Xz,38760,0.0002887845039367676,2.251306369
4096,134217728,sin(100x)cos(100y),100,100,Zlib,56739751,0.4227440878748894,1.832032322
4096,134217728,sin(100x)cos(100y),100,100,Zstd,53775,0.00040065497159957886,0.022534409
