n,size,Tf,udiff_norm,compression,compressed_size,ratio,time
16,2048,0.5,0.00786317652986085,Bzip2,1311,0.64013671875,0.000335084
16,2048,0.5,0.00786317652986085,LZ4Fast,1255,0.61279296875,8.5e-6
16,2048,0.5,0.00786317652986085,LZ4Frame,1257,0.61376953125,8.25e-6
16,2048,0.5,0.00786317652986085,Xz,936,0.45703125,0.000332208
16,2048,0.5,0.00786317652986085,Zlib,1019,0.49755859375,5.1083e-5
16,2048,0.5,0.00786317652986085,Zstd,863,0.42138671875,0.000106417
16,2048,1.0,0.0024660888303566675,Bzip2,1358,0.6630859375,0.000347
16,2048,1.0,0.0024660888303566675,LZ4Fast,1268,0.619140625,4.292e-6
16,2048,1.0,0.0024660888303566675,LZ4Frame,1273,0.62158203125,4.5e-6
16,2048,1.0,0.0024660888303566675,Xz,972,0.474609375,0.000313334
16,2048,1.0,0.0024660888303566675,Zlib,1037,0.50634765625,4.7833e-5
16,2048,1.0,0.0024660888303566675,Zstd,925,0.45166015625,6.5334e-5
16,2048,1.5,0.0007789094970037798,Bzip2,1379,0.67333984375,0.000344708
16,2048,1.5,0.0007789094970037798,LZ4Fast,1291,0.63037109375,5.625e-6
16,2048,1.5,0.0007789094970037798,LZ4Frame,1293,0.63134765625,8.708e-6
16,2048,1.5,0.0007789094970037798,Xz,988,0.482421875,0.000318959
16,2048,1.5,0.0007789094970037798,Zlib,1047,0.51123046875,5.5208e-5
16,2048,1.5,0.0007789094970037798,Zstd,944,0.4609375,0.000100583
16,2048,2.0,0.00024601714501215003,Bzip2,1388,0.677734375,0.000341833
16,2048,2.0,0.00024601714501215003,LZ4Fast,1278,0.6240234375,4.334e-6
16,2048,2.0,0.00024601714501215003,LZ4Frame,1280,0.625,6.0e-6
16,2048,2.0,0.00024601714501215003,Xz,984,0.48046875,0.000308375
16,2048,2.0,0.00024601714501215003,Zlib,1039,0.50732421875,5.3541e-5
16,2048,2.0,0.00024601714501215003,Zstd,924,0.451171875,6.2916e-5
16,2048,2.5,7.77040668692986e-5,Bzip2,1389,0.67822265625,0.000344625
16,2048,2.5,7.77040668692986e-5,LZ4Fast,1290,0.6298828125,4.5e-6
16,2048,2.5,7.77040668692986e-5,LZ4Frame,1292,0.630859375,8.583e-6
16,2048,2.5,7.77040668692986e-5,Xz,988,0.482421875,0.000330375
16,2048,2.5,7.77040668692986e-5,Zlib,1052,0.513671875,6.9416e-5
16,2048,2.5,7.77040668692986e-5,Zstd,916,0.447265625,0.00010825
16,2048,3.0,2.4542687899778355e-5,Bzip2,1357,0.66259765625,0.0173345
16,2048,3.0,2.4542687899778355e-5,LZ4Fast,1271,0.62060546875,7.083e-6
16,2048,3.0,2.4542687899778355e-5,LZ4Frame,1273,0.62158203125,8.708e-6
16,2048,3.0,2.4542687899778355e-5,Xz,952,0.46484375,0.000334167
16,2048,3.0,2.4542687899778355e-5,Zlib,1026,0.5009765625,5.6708e-5
16,2048,3.0,2.4542687899778355e-5,Zstd,878,0.4287109375,9.475e-5
16,2048,3.5,7.75176324244913e-6,Bzip2,1362,0.6650390625,0.000347375
16,2048,3.5,7.75176324244913e-6,LZ4Fast,1281,0.62548828125,5.416e-6
16,2048,3.5,7.75176324244913e-6,LZ4Frame,1283,0.62646484375,5.625e-6
16,2048,3.5,7.75176324244913e-6,Xz,976,0.4765625,0.00032175
16,2048,3.5,7.75176324244913e-6,Zlib,1034,0.5048828125,5.0417e-5
16,2048,3.5,7.75176324244913e-6,Zstd,923,0.45068359375,9.7959e-5
16,2048,4.0,2.448380292019252e-6,Bzip2,1362,0.6650390625,0.000341333
16,2048,4.0,2.448380292019252e-6,LZ4Fast,1272,0.62109375,4.292e-6
16,2048,4.0,2.448380292019252e-6,LZ4Frame,1274,0.6220703125,5.791e-6
16,2048,4.0,2.448380292019252e-6,Xz,976,0.4765625,0.000310583
16,2048,4.0,2.448380292019252e-6,Zlib,1038,0.5068359375,5.2334e-5
16,2048,4.0,2.448380292019252e-6,Zstd,915,0.44677734375,6.15e-5
16,2048,4.5,7.733164528939748e-7,Bzip2,1361,0.66455078125,0.000350333
16,2048,4.5,7.733164528939748e-7,LZ4Fast,1283,0.62646484375,5.0e-6
16,2048,4.5,7.733164528939748e-7,LZ4Frame,1285,0.62744140625,4.708e-6
16,2048,4.5,7.733164528939748e-7,Xz,984,0.48046875,0.000306625
16,2048,4.5,7.733164528939748e-7,Zlib,1042,0.5087890625,5.1083e-5
16,2048,4.5,7.733164528939748e-7,Zstd,921,0.44970703125,0.000102833
16,2048,5.0,2.442505922248167e-7,Bzip2,1371,0.66943359375,0.000335708
16,2048,5.0,2.442505922248167e-7,LZ4Fast,1266,0.6181640625,4.166e-6
16,2048,5.0,2.442505922248167e-7,LZ4Frame,1270,0.6201171875,6.916e-6
16,2048,5.0,2.442505922248167e-7,Xz,964,0.470703125,0.000304625
16,2048,5.0,2.442505922248167e-7,Zlib,1030,0.5029296875,5.45e-5
16,2048,5.0,2.442505922248167e-7,Zstd,895,0.43701171875,0.000112917
16,2048,5.5,7.714610439579268e-8,Bzip2,1388,0.677734375,0.000337875
16,2048,5.5,7.714610439579268e-8,LZ4Fast,1279,0.62451171875,4.125e-6
16,2048,5.5,7.714610439579268e-8,LZ4Frame,1284,0.626953125,5.167e-6
16,2048,5.5,7.714610439579268e-8,Xz,992,0.484375,0.00030525
16,2048,5.5,7.714610439579268e-8,Zlib,1048,0.51171875,5.2875e-5
16,2048,5.5,7.714610439579268e-8,Zstd,936,0.45703125,5.6292e-5
16,2048,6.0,2.4366456469927696e-8,Bzip2,1359,0.66357421875,0.000358542
16,2048,6.0,2.4366456469927696e-8,LZ4Fast,1276,0.623046875,5.792e-6
16,2048,6.0,2.4366456469927696e-8,LZ4Frame,1278,0.6240234375,1.1125e-5
16,2048,6.0,2.4366456469927696e-8,Xz,972,0.474609375,0.000340167
16,2048,6.0,2.4366456469927696e-8,Zlib,1038,0.5068359375,5.6e-5
16,2048,6.0,2.4366456469927696e-8,Zstd,930,0.4541015625,0.000102
16,2048,6.5,7.696100864355261e-9,Bzip2,1383,0.67529296875,0.003392375
16,2048,6.5,7.696100864355261e-9,LZ4Fast,1287,0.62841796875,5.334e-6
16,2048,6.5,7.696100864355261e-9,LZ4Frame,1289,0.62939453125,5.417e-6
16,2048,6.5,7.696100864355261e-9,Xz,980,0.478515625,0.000314
16,2048,6.5,7.696100864355261e-9,Zlib,1043,0.50927734375,5.3416e-5
16,2048,6.5,7.696100864355261e-9,Zstd,950,0.4638671875,9.6958e-5
16,2048,7.0,2.430799431756586e-9,Bzip2,1372,0.669921875,0.000335209
16,2048,7.0,2.430799431756586e-9,LZ4Fast,1286,0.6279296875,4.25e-6
16,2048,7.0,2.430799431756586e-9,LZ4Frame,1288,0.62890625,4.25e-6
16,2048,7.0,2.430799431756586e-9,Xz,976,0.4765625,0.000321042
16,2048,7.0,2.430799431756586e-9,Zlib,1038,0.5068359375,4.9667e-5
16,2048,7.0,2.430799431756586e-9,Zstd,932,0.455078125,5.975e-5
16,2048,7.5,7.677635702816842e-10,Bzip2,1401,0.68408203125,0.000344875
16,2048,7.5,7.677635702816842e-10,LZ4Fast,1293,0.63134765625,4.25e-6
16,2048,7.5,7.677635702816842e-10,LZ4Frame,1295,0.63232421875,5.25e-6
16,2048,7.5,7.677635702816842e-10,Xz,992,0.484375,0.0002965
16,2048,7.5,7.677635702816842e-10,Zlib,1051,0.51318359375,5.2625e-5
16,2048,7.5,7.677635702816842e-10,Zstd,937,0.45751953125,7.1917e-5
16,2048,8.0,2.424967277782219e-10,Bzip2,1400,0.68359375,0.000341791
16,2048,8.0,2.424967277782219e-10,LZ4Fast,1297,0.63330078125,3.708e-6
16,2048,8.0,2.424967277782219e-10,LZ4Frame,1299,0.63427734375,4.708e-6
16,2048,8.0,2.424967277782219e-10,Xz,992,0.484375,0.0002925
16,2048,8.0,2.424967277782219e-10,Zlib,1056,0.515625,5.1292e-5
16,2048,8.0,2.424967277782219e-10,Zstd,957,0.46728515625,5.2625e-5
16,2048,8.5,7.65921501444876e-11,Bzip2,1363,0.66552734375,0.00033575
16,2048,8.5,7.65921501444876e-11,LZ4Fast,1286,0.6279296875,4.0e-6
16,2048,8.5,7.65921501444876e-11,LZ4Frame,1288,0.62890625,9.709e-6
16,2048,8.5,7.65921501444876e-11,Xz,980,0.478515625,0.000298042
16,2048,8.5,7.65921501444876e-11,Zlib,1041,0.50830078125,5.4083e-5
16,2048,8.5,7.65921501444876e-11,Zstd,935,0.45654296875,5.8875e-5
16,2048,9.0,2.419149145703964e-11,Bzip2,1376,0.671875,0.000808
16,2048,9.0,2.419149145703964e-11,LZ4Fast,1283,0.62646484375,3.791e-6
16,2048,9.0,2.419149145703964e-11,LZ4Frame,1285,0.62744140625,4.666e-6
16,2048,9.0,2.419149145703964e-11,Xz,988,0.482421875,0.00029525
16,2048,9.0,2.419149145703964e-11,Zlib,1044,0.509765625,5.3208e-5
16,2048,9.0,2.419149145703964e-11,Zstd,946,0.4619140625,0.000120375
16,2048,9.5,7.640842536197043e-12,Bzip2,1390,0.6787109375,0.000344291
16,2048,9.5,7.640842536197043e-12,LZ4Fast,1284,0.626953125,3.959e-6
16,2048,9.5,7.640842536197043e-12,LZ4Frame,1286,0.6279296875,3.708e-6
16,2048,9.5,7.640842536197043e-12,Xz,984,0.48046875,0.000291791
16,2048,9.5,7.640842536197043e-12,Zlib,1044,0.509765625,4.9542e-5
16,2048,9.5,7.640842536197043e-12,Zstd,955,0.46630859375,5.4084e-5
16,2048,10.0,2.413336442897052e-12,Bzip2,1380,0.673828125,0.000676292
16,2048,10.0,2.413336442897052e-12,LZ4Fast,1286,0.6279296875,3.666e-6
16,2048,10.0,2.413336442897052e-12,LZ4Frame,1288,0.62890625,3.5e-6
16,2048,10.0,2.413336442897052e-12,Xz,980,0.478515625,0.000283708
16,2048,10.0,2.413336442897052e-12,Zlib,1041,0.50830078125,4.875e-5
16,2048,10.0,2.413336442897052e-12,Zstd,952,0.46484375,8.9e-5
32,8192,0.5,0.0037333306638682763,Bzip2,4809,0.5870361328125,0.000883209
32,8192,0.5,0.0037333306638682763,LZ4Fast,5915,0.7220458984375,1.7667e-5
32,8192,0.5,0.0037333306638682763,LZ4Frame,5160,0.6298828125,1.2625e-5
32,8192,0.5,0.0037333306638682763,Xz,3316,0.40478515625,0.000807917
32,8192,0.5,0.0037333306638682763,Zlib,4081,0.4981689453125,9.6958e-5
32,8192,0.5,0.0037333306638682763,Zstd,3492,0.42626953125,8.2583e-5
32,8192,1.0,0.0011081502780707023,Bzip2,4825,0.5889892578125,0.0013295
32,8192,1.0,0.0011081502780707023,LZ4Fast,5941,0.7252197265625,1.8917e-5
32,8192,1.0,0.0011081502780707023,LZ4Frame,5203,0.6351318359375,1.2917e-5
32,8192,1.0,0.0011081502780707023,Xz,3412,0.41650390625,0.0007905
32,8192,1.0,0.0011081502780707023,Zlib,4086,0.498779296875,0.000100041
32,8192,1.0,0.0011081502780707023,Zstd,3500,0.42724609375,9.4209e-5
32,8192,1.5,0.0003315097925361245,Bzip2,4833,0.5899658203125,0.001137708
32,8192,1.5,0.0003315097925361245,LZ4Fast,5950,0.726318359375,1.65e-5
32,8192,1.5,0.0003315097925361245,LZ4Frame,5199,0.6346435546875,1.2292e-5
32,8192,1.5,0.0003315097925361245,Xz,3432,0.4189453125,0.000776833
32,8192,1.5,0.0003315097925361245,Zlib,4099,0.5003662109375,9.7417e-5
32,8192,1.5,0.0003315097925361245,Zstd,3550,0.433349609375,0.000108167
32,8192,2.0,9.917317381909836e-5,Bzip2,4812,0.58740234375,0.000870959
32,8192,2.0,9.917317381909836e-5,LZ4Fast,5929,0.7237548828125,1.9708e-5
32,8192,2.0,9.917317381909836e-5,LZ4Frame,5188,0.63330078125,1.4042e-5
32,8192,2.0,9.917317381909836e-5,Xz,3432,0.4189453125,0.000916542
32,8192,2.0,9.917317381909836e-5,Zlib,4084,0.49853515625,9.8042e-5
32,8192,2.0,9.917317381909836e-5,Zstd,3570,0.435791015625,8.5833e-5
32,8192,2.5,2.966825905882784e-5,Bzip2,4861,0.5933837890625,0.001197625
32,8192,2.5,2.966825905882784e-5,LZ4Fast,5921,0.7227783203125,1.6e-5
32,8192,2.5,2.966825905882784e-5,LZ4Frame,5172,0.63134765625,1.1833e-5
32,8192,2.5,2.966825905882784e-5,Xz,3388,0.41357421875,0.000800459
32,8192,2.5,2.966825905882784e-5,Zlib,4090,0.499267578125,9.8042e-5
32,8192,2.5,2.966825905882784e-5,Zstd,3472,0.423828125,0.000112333
32,8192,3.0,8.875440420886175e-6,Bzip2,4840,0.5908203125,0.001110167
32,8192,3.0,8.875440420886175e-6,LZ4Fast,5934,0.724365234375,1.6834e-5
32,8192,3.0,8.875440420886175e-6,LZ4Frame,5191,0.6336669921875,1.2e-5
32,8192,3.0,8.875440420886175e-6,Xz,3408,0.416015625,0.000771458
32,8192,3.0,8.875440420886175e-6,Zlib,4107,0.5013427734375,9.6041e-5
32,8192,3.0,8.875440420886175e-6,Zstd,3563,0.4349365234375,7.4375e-5
32,8192,3.5,2.655142066427177e-6,Bzip2,4827,0.5892333984375,0.001113166
32,8192,3.5,2.655142066427177e-6,LZ4Fast,5917,0.7222900390625,1.5958e-5
32,8192,3.5,2.655142066427177e-6,LZ4Frame,5161,0.6300048828125,1.1917e-5
32,8192,3.5,2.655142066427177e-6,Xz,3436,0.41943359375,0.000766084
32,8192,3.5,2.655142066427177e-6,Zlib,4083,0.4984130859375,9.5959e-5
32,8192,3.5,2.655142066427177e-6,Zstd,3585,0.4376220703125,7.2625e-5
32,8192,4.0,7.94301922900949e-7,Bzip2,4802,0.586181640625,0.001142416
32,8192,4.0,7.94301922900949e-7,LZ4Fast,5925,0.7232666015625,1.5958e-5
32,8192,4.0,7.94301922900949e-7,LZ4Frame,5123,0.6253662109375,1.2583e-5
32,8192,4.0,7.94301922900949e-7,Xz,3388,0.41357421875,0.000764417
32,8192,4.0,7.94301922900949e-7,Zlib,4079,0.4979248046875,9.6375e-5
32,8192,4.0,7.94301922900949e-7,Zstd,3532,0.43115234375,7.6208e-5
32,8192,4.5,2.376202587048161e-7,Bzip2,4819,0.5882568359375,0.001110375
32,8192,4.5,2.376202587048161e-7,LZ4Fast,5932,0.72412109375,1.5709e-5
32,8192,4.5,2.376202587048161e-7,LZ4Frame,5188,0.63330078125,1.1959e-5
32,8192,4.5,2.376202587048161e-7,Xz,3412,0.41650390625,0.000750083
32,8192,4.5,2.376202587048161e-7,Zlib,4105,0.5010986328125,9.7541e-5
32,8192,4.5,2.376202587048161e-7,Zstd,3593,0.4385986328125,8.1916e-5
32,8192,5.0,7.10855478511109e-8,Bzip2,4777,0.5831298828125,0.00112775
32,8192,5.0,7.10855478511109e-8,LZ4Fast,5914,0.721923828125,1.6959e-5
32,8192,5.0,7.10855478511109e-8,LZ4Frame,5139,0.6273193359375,1.25e-5
32,8192,5.0,7.10855478511109e-8,Xz,3384,0.4130859375,0.000752583
32,8192,5.0,7.10855478511109e-8,Zlib,4082,0.498291015625,9.75e-5
32,8192,5.0,7.10855478511109e-8,Zstd,3522,0.429931640625,8.2083e-5
32,8192,5.5,2.126567465640345e-8,Bzip2,4849,0.5919189453125,0.00111175
32,8192,5.5,2.126567465640345e-8,LZ4Fast,5931,0.7239990234375,1.6084e-5
32,8192,5.5,2.126567465640345e-8,LZ4Frame,5193,0.6339111328125,1.2125e-5
32,8192,5.5,2.126567465640345e-8,Xz,3460,0.42236328125,0.000751834
32,8192,5.5,2.126567465640345e-8,Zlib,4116,0.50244140625,9.4625e-5
32,8192,5.5,2.126567465640345e-8,Zstd,3560,0.4345703125,7.5792e-5
32,8192,6.0,6.3617561115749105e-9,Bzip2,4855,0.5926513671875,0.001093375
32,8192,6.0,6.3617561115749105e-9,LZ4Fast,5950,0.726318359375,1.6042e-5
32,8192,6.0,6.3617561115749105e-9,LZ4Frame,5190,0.633544921875,1.2417e-5
32,8192,6.0,6.3617561115749105e-9,Xz,3456,0.421875,0.000751667
32,8192,6.0,6.3617561115749105e-9,Zlib,4111,0.5018310546875,9.8333e-5
32,8192,6.0,6.3617561115749105e-9,Zstd,3635,0.4437255859375,7.5208e-5
32,8192,6.5,1.9031580925927722e-9,Bzip2,4853,0.5924072265625,0.001105917
32,8192,6.5,1.9031580925927722e-9,LZ4Fast,5979,0.7298583984375,1.5375e-5
32,8192,6.5,1.9031580925927722e-9,LZ4Frame,5220,0.63720703125,1.15e-5
32,8192,6.5,1.9031580925927722e-9,Xz,3420,0.41748046875,0.000741583
32,8192,6.5,1.9031580925927722e-9,Zlib,4118,0.502685546875,9.7333e-5
32,8192,6.5,1.9031580925927722e-9,Zstd,3534,0.431396484375,7.6084e-5
32,8192,7.0,5.693413346759936e-10,Bzip2,4861,0.5933837890625,0.0011075
32,8192,7.0,5.693413346759936e-10,LZ4Fast,5944,0.7255859375,1.625e-5
32,8192,7.0,5.693413346759936e-10,LZ4Frame,5206,0.635498046875,1.225e-5
32,8192,7.0,5.693413346759936e-10,Xz,3444,0.42041015625,0.000744125
32,8192,7.0,5.693413346759936e-10,Zlib,4124,0.50341796875,9.65e-5
32,8192,7.0,5.693413346759936e-10,Zstd,3554,0.433837890625,7.475e-5
32,8192,7.5,1.7032192828735827e-10,Bzip2,4853,0.5924072265625,0.001105375
32,8192,7.5,1.7032192828735827e-10,LZ4Fast,5947,0.7259521484375,1.5541e-5
32,8192,7.5,1.7032192828735827e-10,LZ4Frame,5193,0.6339111328125,1.1875e-5
32,8192,7.5,1.7032192828735827e-10,Xz,3432,0.4189453125,0.000739541
32,8192,7.5,1.7032192828735827e-10,Zlib,4105,0.5010986328125,9.4958e-5
32,8192,7.5,1.7032192828735827e-10,Zstd,3510,0.428466796875,7.4458e-5
32,8192,8.0,5.095284063921737e-11,Bzip2,4867,0.5941162109375,0.001117209
32,8192,8.0,5.095284063921737e-11,LZ4Fast,5957,0.7271728515625,1.6458e-5
32,8192,8.0,5.095284063921737e-11,LZ4Frame,5205,0.6353759765625,1.5125e-5
32,8192,8.0,5.095284063921737e-11,Xz,3448,0.4208984375,0.000782292
32,8192,8.0,5.095284063921737e-11,Zlib,4125,0.5035400390625,0.000103
32,8192,8.0,5.095284063921737e-11,Zstd,3531,0.4310302734375,8.7583e-5
32,8192,8.5,1.5242855045150226e-11,Bzip2,4852,0.59228515625,0.001107458
32,8192,8.5,1.5242855045150226e-11,LZ4Fast,5954,0.726806640625,1.6417e-5
32,8192,8.5,1.5242855045150226e-11,LZ4Frame,5193,0.6339111328125,1.2e-5
32,8192,8.5,1.5242855045150226e-11,Xz,3420,0.41748046875,0.000752208
32,8192,8.5,1.5242855045150226e-11,Zlib,4109,0.5015869140625,9.3417e-5
32,8192,8.5,1.5242855045150226e-11,Zstd,3727,0.4549560546875,7.3833e-5
32,8192,9.0,4.559990072380422e-12,Bzip2,4838,0.590576171875,0.001109084
32,8192,9.0,4.559990072380422e-12,LZ4Fast,5911,0.7215576171875,1.7417e-5
32,8192,9.0,4.559990072380422e-12,LZ4Frame,5160,0.6298828125,1.2791e-5
32,8192,9.0,4.559990072380422e-12,Xz,3408,0.416015625,0.00077425
32,8192,9.0,4.559990072380422e-12,Zlib,4082,0.498291015625,0.000100958
32,8192,9.0,4.559990072380422e-12,Zstd,3503,0.4276123046875,8.8e-5
32,8192,9.5,1.364154641861095e-12,Bzip2,4903,0.5985107421875,0.001228458
32,8192,9.5,1.364154641861095e-12,LZ4Fast,5958,0.727294921875,1.575e-5
32,8192,9.5,1.364154641861095e-12,LZ4Frame,5193,0.6339111328125,1.2042e-5
32,8192,9.5,1.364154641861095e-12,Xz,3484,0.42529296875,0.000814125
32,8192,9.5,1.364154641861095e-12,Zlib,4119,0.5028076171875,0.000102166
32,8192,9.5,1.364154641861095e-12,Zstd,3668,0.44775390625,7.3667e-5
32,8192,10.0,4.080970667432458e-13,Bzip2,4875,0.5950927734375,0.001154416
32,8192,10.0,4.080970667432458e-13,LZ4Fast,5923,0.7230224609375,1.7e-5
32,8192,10.0,4.080970667432458e-13,LZ4Frame,5148,0.62841796875,1.275e-5
32,8192,10.0,4.080970667432458e-13,Xz,3436,0.41943359375,0.000776042
32,8192,10.0,4.080970667432458e-13,Zlib,4105,0.5010986328125,9.8583e-5
32,8192,10.0,4.080970667432458e-13,Zstd,3588,0.43798828125,7.8333e-5
64,32768,0.5,0.0018249575856525899,Bzip2,18813,0.574127197265625,0.002494459
64,32768,0.5,0.0018249575856525899,LZ4Fast,24840,0.758056640625,6.1583e-5
64,32768,0.5,0.0018249575856525899,LZ4Frame,22345,0.681915283203125,4.475e-5
64,32768,0.5,0.0018249575856525899,Xz,11812,0.3604736328125,0.002863292
64,32768,0.5,0.0018249575856525899,Zlib,16572,0.5057373046875,0.000346042
64,32768,0.5,0.0018249575856525899,Zstd,13038,0.39788818359375,0.000165708
64,32768,1.0,0.0005336116089477336,Bzip2,19007,0.580047607421875,0.002560583
64,32768,1.0,0.0005336116089477336,LZ4Fast,24967,0.761932373046875,5.9417e-5
64,32768,1.0,0.0005336116089477336,LZ4Frame,22673,0.691925048828125,4.3084e-5
64,32768,1.0,0.0005336116089477336,Xz,12328,0.376220703125,0.002826834
64,32768,1.0,0.0005336116089477336,Zlib,16723,0.510345458984375,0.000359125
64,32768,1.0,0.0005336116089477336,Zstd,13433,0.409942626953125,0.0001845
64,32768,1.5,0.000157345390097852,Bzip2,19076,0.5821533203125,0.002575708
64,32768,1.5,0.000157345390097852,LZ4Fast,24891,0.759613037109375,5.9875e-5
64,32768,1.5,0.000157345390097852,LZ4Frame,22684,0.6922607421875,4.2958e-5
64,32768,1.5,0.000157345390097852,Xz,11984,0.36572265625,0.0026265
64,32768,1.5,0.000157345390097852,Zlib,16735,0.510711669921875,0.000346209
64,32768,1.5,0.000157345390097852,Zstd,13320,0.406494140625,0.000162167
64,32768,2.0,4.639626092770147e-5,Bzip2,19034,0.58087158203125,0.002554667
64,32768,2.0,4.639626092770147e-5,LZ4Fast,24944,0.76123046875,5.9584e-5
64,32768,2.0,4.639626092770147e-5,LZ4Frame,22701,0.692779541015625,4.7459e-5
64,32768,2.0,4.639626092770147e-5,Xz,12108,0.3695068359375,0.002597542
64,32768,2.0,4.639626092770147e-5,Zlib,16764,0.5115966796875,0.00034575
64,32768,2.0,4.639626092770147e-5,Zstd,13397,0.408843994140625,0.000164917
64,32768,2.5,1.3680814079071558e-5,Bzip2,19088,0.58251953125,0.002558375
64,32768,2.5,1.3680814079071558e-5,LZ4Fast,24907,0.760101318359375,6.0e-5
64,32768,2.5,1.3680814079071558e-5,LZ4Frame,22557,0.688385009765625,4.7167e-5
64,32768,2.5,1.3680814079071558e-5,Xz,11860,0.3619384765625,0.002581209
64,32768,2.5,1.3680814079071558e-5,Zlib,16726,0.51043701171875,0.000355041
64,32768,2.5,1.3680814079071558e-5,Zstd,13190,0.40252685546875,0.000183834
64,32768,3.0,4.0340464969317624e-6,Bzip2,19141,0.584136962890625,0.0025715
64,32768,3.0,4.0340464969317624e-6,LZ4Fast,24964,0.7618408203125,5.9459e-5
64,32768,3.0,4.0340464969317624e-6,LZ4Frame,22760,0.694580078125,4.3041e-5
64,32768,3.0,4.0340464969317624e-6,Xz,12016,0.36669921875,0.002519291
64,32768,3.0,4.0340464969317624e-6,Zlib,16773,0.511871337890625,0.000350917
64,32768,3.0,4.0340464969317624e-6,Zstd,13408,0.4091796875,0.0001825
64,32768,3.5,1.189514823120168e-6,Bzip2,19057,0.581573486328125,0.002621375
64,32768,3.5,1.189514823120168e-6,LZ4Fast,24933,0.760894775390625,5.9834e-5
64,32768,3.5,1.189514823120168e-6,LZ4Frame,22777,0.695098876953125,4.2584e-5
64,32768,3.5,1.189514823120168e-6,Xz,12276,0.3746337890625,0.00261725
64,32768,3.5,1.189514823120168e-6,Zlib,16726,0.51043701171875,0.000358333
64,32768,3.5,1.189514823120168e-6,Zstd,13458,0.41070556640625,0.00019225
64,32768,4.0,3.50750918588781e-7,Bzip2,19131,0.583831787109375,0.004899417
64,32768,4.0,3.50750918588781e-7,LZ4Fast,24914,0.76031494140625,0.000110667
64,32768,4.0,3.50750918588781e-7,LZ4Frame,22733,0.693756103515625,8.9333e-5
64,32768,4.0,3.50750918588781e-7,Xz,12244,0.3736572265625,0.007628792
64,32768,4.0,3.50750918588781e-7,Zlib,16789,0.512359619140625,0.000675708
64,32768,4.0,3.50750918588781e-7,Zstd,13392,0.40869140625,0.000582083
64,32768,4.5,1.0342553493065137e-7,Bzip2,18994,0.57965087890625,0.002519917
64,32768,4.5,1.0342553493065137e-7,LZ4Fast,24911,0.760223388671875,5.9708e-5
64,32768,4.5,1.0342553493065137e-7,LZ4Frame,22712,0.693115234375,4.2584e-5
64,32768,4.5,1.0342553493065137e-7,Xz,11912,0.363525390625,0.002745167
64,32768,4.5,1.0342553493065137e-7,Zlib,16745,0.511016845703125,0.000346875
64,32768,4.5,1.0342553493065137e-7,Zstd,13190,0.40252685546875,0.00021275
64,32768,5.0,3.049697294860189e-8,Bzip2,19257,0.587677001953125,0.00263925
64,32768,5.0,3.049697294860189e-8,LZ4Fast,25007,0.763153076171875,5.8917e-5
64,32768,5.0,3.049697294860189e-8,LZ4Frame,22777,0.695098876953125,4.2625e-5
64,32768,5.0,3.049697294860189e-8,Xz,11964,0.3651123046875,0.002648583
64,32768,5.0,3.049697294860189e-8,Zlib,16847,0.514129638671875,0.000356208
64,32768,5.0,3.049697294860189e-8,Zstd,13433,0.409942626953125,0.000164208
64,32768,5.5,8.992608640027994e-9,Bzip2,18961,0.578643798828125,0.003210958
64,32768,5.5,8.992608640027994e-9,LZ4Fast,24845,0.758209228515625,6.5584e-5
64,32768,5.5,8.992608640027994e-9,LZ4Frame,22464,0.685546875,4.8042e-5
64,32768,5.5,8.992608640027994e-9,Xz,11540,0.3521728515625,0.0028835
64,32768,5.5,8.992608640027994e-9,Zlib,16663,0.508514404296875,0.000358125
64,32768,5.5,8.992608640027994e-9,Zstd,13072,0.39892578125,0.000192375
64,32768,6.0,2.6516405512128944e-9,Bzip2,19038,0.58099365234375,0.002592375
64,32768,6.0,2.6516405512128944e-9,LZ4Fast,24960,0.76171875,5.9458e-5
64,32768,6.0,2.6516405512128944e-9,LZ4Frame,22663,0.691619873046875,4.2834e-5
64,32768,6.0,2.6516405512128944e-9,Xz,12192,0.3720703125,0.002833709
64,32768,6.0,2.6516405512128944e-9,Zlib,16703,0.509735107421875,0.000342666
64,32768,6.0,2.6516405512128944e-9,Zstd,13348,0.4073486328125,0.000163792
64,32768,6.5,7.818863119730035e-10,Bzip2,19171,0.585052490234375,0.002560375
64,32768,6.5,7.818863119730035e-10,LZ4Fast,25024,0.763671875,6.1667e-5
64,32768,6.5,7.818863119730035e-10,LZ4Frame,22730,0.69366455078125,4.2833e-5
64,32768,6.5,7.818863119730035e-10,Xz,12460,0.3802490234375,0.002719458
64,32768,6.5,7.818863119730035e-10,Zlib,16835,0.513763427734375,0.000354834
64,32768,6.5,7.818863119730035e-10,Zstd,13458,0.41070556640625,0.000162167
64,32768,7.0,2.305539497060509e-10,Bzip2,19122,0.58355712890625,0.002610084
64,32768,7.0,2.305539497060509e-10,LZ4Fast,25025,0.763702392578125,5.8209e-5
64,32768,7.0,2.305539497060509e-10,LZ4Frame,22715,0.693206787109375,4.2792e-5
64,32768,7.0,2.305539497060509e-10,Xz,12184,0.371826171875,0.002642875
64,32768,7.0,2.305539497060509e-10,Zlib,16843,0.514007568359375,0.00034675
64,32768,7.0,2.305539497060509e-10,Zstd,13485,0.411529541015625,0.000174167
64,32768,7.5,6.798318945390748e-11,Bzip2,19228,0.5867919921875,0.0026315
64,32768,7.5,6.798318945390748e-11,LZ4Fast,25031,0.763885498046875,6.2708e-5
64,32768,7.5,6.798318945390748e-11,LZ4Frame,22831,0.696746826171875,4.3708e-5
64,32768,7.5,6.798318945390748e-11,Xz,12060,0.3680419921875,0.00266875
64,32768,7.5,6.798318945390748e-11,Zlib,16831,0.513641357421875,0.000339625
64,32768,7.5,6.798318945390748e-11,Zstd,13336,0.406982421875,0.000161584
64,32768,8.0,2.0046126378928234e-11,Bzip2,19220,0.5865478515625,0.002505083
64,32768,8.0,2.0046126378928234e-11,LZ4Fast,24986,0.76251220703125,5.7375e-5
64,32768,8.0,2.0046126378928234e-11,LZ4Frame,22853,0.697418212890625,4.2458e-5
64,32768,8.0,2.0046126378928234e-11,Xz,12552,0.383056640625,0.002570625
64,32768,8.0,2.0046126378928234e-11,Zlib,16873,0.514923095703125,0.000336416
64,32768,8.0,2.0046126378928234e-11,Zstd,13676,0.4173583984375,0.0001685
64,32768,8.5,5.910981034707243e-12,Bzip2,19229,0.586822509765625,0.002576334
64,32768,8.5,5.910981034707243e-12,LZ4Fast,24965,0.761871337890625,5.9292e-5
64,32768,8.5,5.910981034707243e-12,LZ4Frame,22800,0.69580078125,4.3125e-5
64,32768,8.5,5.910981034707243e-12,Xz,12600,0.384521484375,0.002564167
64,32768,8.5,5.910981034707243e-12,Zlib,16827,0.513519287109375,0.000341208
64,32768,8.5,5.910981034707243e-12,Zstd,13539,0.413177490234375,0.000160916
64,32768,9.0,1.7429631940498343e-12,Bzip2,19202,0.58599853515625,0.002473375
64,32768,9.0,1.7429631940498343e-12,LZ4Fast,24993,0.762725830078125,6.1583e-5
64,32768,9.0,1.7429631940498343e-12,LZ4Frame,22777,0.695098876953125,4.2625e-5
64,32768,9.0,1.7429631940498343e-12,Xz,12532,0.3824462890625,0.002592791
64,32768,9.0,1.7429631940498343e-12,Zlib,16860,0.5145263671875,0.000332916
64,32768,9.0,1.7429631940498343e-12,Zstd,13472,0.4111328125,0.000157791
64,32768,9.5,5.139488047834595e-13,Bzip2,19109,0.583160400390625,0.002458875
64,32768,9.5,5.139488047834595e-13,LZ4Fast,25017,0.763458251953125,5.7958e-5
64,32768,9.5,5.139488047834595e-13,LZ4Frame,22832,0.69677734375,4.1792e-5
64,32768,9.5,5.139488047834595e-13,Xz,12204,0.3724365234375,0.002785875
64,32768,9.5,5.139488047834595e-13,Zlib,16794,0.51251220703125,0.000327167
64,32768,9.5,5.139488047834595e-13,Zstd,13566,0.41400146484375,0.000158167
64,32768,10.0,1.5154535154939546e-13,Bzip2,19240,0.587158203125,0.002406375
64,32768,10.0,1.5154535154939546e-13,LZ4Fast,25037,0.764068603515625,5.5625e-5
64,32768,10.0,1.5154535154939546e-13,LZ4Frame,22757,0.694488525390625,4.0584e-5
64,32768,10.0,1.5154535154939546e-13,Xz,12012,0.3665771484375,0.0024875
64,32768,10.0,1.5154535154939546e-13,Zlib,16772,0.5118408203125,0.000330667
64,32768,10.0,1.5154535154939546e-13,Zstd,13320,0.406494140625,0.000162792
128,131072,0.5,0.0009030287100294872,Bzip2,77873,0.5941238403320312,0.007719542
128,131072,0.5,0.0009030287100294872,LZ4Fast,100273,0.7650222778320312,0.000213334
128,131072,0.5,0.0009030287100294872,LZ4Frame,97169,0.7413406372070312,0.000168667
128,131072,0.5,0.0009030287100294872,Xz,47936,0.36572265625,0.010460208
128,131072,0.5,0.0009030287100294872,Zlib,81489,0.6217117309570312,0.002330334
128,131072,0.5,0.0009030287100294872,Zstd,52312,0.39910888671875,0.000452667
128,131072,1.0,0.00026297415971996877,Bzip2,78537,0.5991897583007812,0.007927417
128,131072,1.0,0.00026297415971996877,LZ4Fast,100421,0.7661514282226562,0.000222375
128,131072,1.0,0.00026297415971996877,LZ4Frame,97409,0.7431716918945312,0.000167625
128,131072,1.0,0.00026297415971996877,Xz,48012,0.366302490234375,0.010672417
128,131072,1.0,0.00026297415971996877,Zlib,81676,0.623138427734375,0.00235575
128,131072,1.0,0.00026297415971996877,Zstd,52875,0.40340423583984375,0.000443375
128,131072,1.5,7.725753005532382e-5,Bzip2,78401,0.5981521606445312,0.008571209
128,131072,1.5,7.725753005532382e-5,LZ4Fast,100338,0.7655181884765625,0.0002125
128,131072,1.5,7.725753005532382e-5,LZ4Frame,97257,0.7420120239257812,0.000141458
128,131072,1.5,7.725753005532382e-5,Xz,48808,0.37237548828125,0.0107215
128,131072,1.5,7.725753005532382e-5,Zlib,81654,0.6229705810546875,0.002319708
128,131072,1.5,7.725753005532382e-5,Zstd,52926,0.4037933349609375,0.00040775
128,131072,2.0,2.2697018269173273e-5,Bzip2,78778,0.6010284423828125,0.007690167
128,131072,2.0,2.2697018269173273e-5,LZ4Fast,100493,0.7667007446289062,0.000198875
128,131072,2.0,2.2697018269173273e-5,LZ4Frame,97458,0.7435455322265625,0.000160792
128,131072,2.0,2.2697018269173273e-5,Xz,49036,0.374114990234375,0.0109765
128,131072,2.0,2.2697018269173273e-5,Zlib,81766,0.6238250732421875,0.002342208
128,131072,2.0,2.2697018269173273e-5,Zstd,53054,0.4047698974609375,0.000457
128,131072,2.5,6.6680184826101274e-6,Bzip2,78763,0.6009140014648438,0.007810208
128,131072,2.5,6.6680184826101274e-6,LZ4Fast,100445,0.7663345336914062,0.000220333
128,131072,2.5,6.6680184826101274e-6,LZ4Frame,97423,0.7432785034179688,0.000162709
128,131072,2.5,6.6680184826101274e-6,Xz,49604,0.378448486328125,0.010779875
128,131072,2.5,6.6680184826101274e-6,Zlib,81743,0.6236495971679688,0.002295917
128,131072,2.5,6.6680184826101274e-6,Zstd,53713,0.40979766845703125,0.000461
128,131072,3.0,1.9589564566197298e-6,Bzip2,78665,0.6001663208007812,0.007753833
128,131072,3.0,1.9589564566197298e-6,LZ4Fast,100399,0.7659835815429688,0.000213041
128,131072,3.0,1.9589564566197298e-6,LZ4Frame,97403,0.7431259155273438,0.00016
128,131072,3.0,1.9589564566197298e-6,Xz,49332,0.376373291015625,0.010818125
128,131072,3.0,1.9589564566197298e-6,Zlib,81762,0.6237945556640625,0.002279167
128,131072,3.0,1.9589564566197298e-6,Zstd,53045,0.40470123291015625,0.000412834
128,131072,3.5,5.755098623288987e-7,Bzip2,78627,0.5998764038085938,0.007627917
128,131072,3.5,5.755098623288987e-7,LZ4Fast,100388,0.765899658203125,0.000215375
128,131072,3.5,5.755098623288987e-7,LZ4Frame,97263,0.7420578002929688,0.000156708
128,131072,3.5,5.755098623288987e-7,Xz,48792,0.37225341796875,0.010701542
128,131072,3.5,5.755098623288987e-7,Zlib,81709,0.6233901977539062,0.002284375
128,131072,3.5,5.755098623288987e-7,Zstd,53108,0.405181884765625,0.00042075
128,131072,4.0,1.6907553024981433e-7,Bzip2,78933,0.6022109985351562,0.00739
128,131072,4.0,1.6907553024981433e-7,LZ4Fast,100555,0.7671737670898438,0.00019825
128,131072,4.0,1.6907553024981433e-7,LZ4Frame,97492,0.743804931640625,0.000142958
128,131072,4.0,1.6907553024981433e-7,Xz,49680,0.3790283203125,0.010277542
128,131072,4.0,1.6907553024981433e-7,Zlib,81843,0.6244125366210938,0.002157917
128,131072,4.0,1.6907553024981433e-7,Zstd,53215,0.40599822998046875,0.00038325
128,131072,4.5,4.9671668201645745e-8,Bzip2,78379,0.5979843139648438,0.007744292
128,131072,4.5,4.9671668201645745e-8,LZ4Fast,100476,0.766571044921875,0.000223667
128,131072,4.5,4.9671668201645745e-8,LZ4Frame,97356,0.742767333984375,0.000188333
128,131072,4.5,4.9671668201645745e-8,Xz,49332,0.376373291015625,0.011059667
128,131072,4.5,4.9671668201645745e-8,Zlib,81707,0.6233749389648438,0.002375417
128,131072,4.5,4.9671668201645745e-8,Zstd,52968,0.40411376953125,0.000440208
128,131072,5.0,1.4592736267079678e-8,Bzip2,78587,0.5995712280273438,0.007753334
128,131072,5.0,1.4592736267079678e-8,LZ4Fast,100579,0.7673568725585938,0.0002075
128,131072,5.0,1.4592736267079678e-8,LZ4Frame,97449,0.7434768676757812,0.000147125
128,131072,5.0,1.4592736267079678e-8,Xz,48444,0.369598388671875,0.012366041
128,131072,5.0,1.4592736267079678e-8,Zlib,81824,0.624267578125,0.002324708
128,131072,5.0,1.4592736267079678e-8,Zstd,53193,0.40583038330078125,0.000466541
128,131072,5.5,4.287110931441061e-9,Bzip2,79106,0.6035308837890625,0.007959417
128,131072,5.5,4.287110931441061e-9,LZ4Fast,100370,0.7657623291015625,0.000216083
128,131072,5.5,4.287110931441061e-9,LZ4Frame,97210,0.7416534423828125,0.000146084
128,131072,5.5,4.287110931441061e-9,Xz,49588,0.378326416015625,0.012275583
128,131072,5.5,4.287110931441061e-9,Zlib,81703,0.6233444213867188,0.00231775
128,131072,5.5,4.287110931441061e-9,Zstd,53577,0.40876007080078125,0.000422875
128,131072,6.0,1.2594841570377785e-9,Bzip2,78483,0.5987777709960938,0.007940125
128,131072,6.0,1.2594841570377785e-9,LZ4Fast,100321,0.7653884887695312,0.000226833
128,131072,6.0,1.2594841570377785e-9,LZ4Frame,97093,0.7407608032226562,0.000160709
128,131072,6.0,1.2594841570377785e-9,Xz,48232,0.36798095703125,0.01143025
128,131072,6.0,1.2594841570377785e-9,Zlib,81654,0.6229705810546875,0.002339916
128,131072,6.0,1.2594841570377785e-9,Zstd,52954,0.4040069580078125,0.000430583
128,131072,6.5,3.700161633826706e-10,Bzip2,79205,0.6042861938476562,0.007781958
128,131072,6.5,3.700161633826706e-10,LZ4Fast,100420,0.766143798828125,0.000216542
128,131072,6.5,3.700161633826706e-10,LZ4Frame,97358,0.7427825927734375,0.000146292
128,131072,6.5,3.700161633826706e-10,Xz,49704,0.37921142578125,0.011534292
128,131072,6.5,3.700161633826706e-10,Zlib,81696,0.623291015625,0.002159083
128,131072,6.5,3.700161633826706e-10,Zstd,53533,0.40842437744140625,0.000406708
128,131072,7.0,1.0870479058130686e-10,Bzip2,78854,0.6016082763671875,0.007554833
128,131072,7.0,1.0870479058130686e-10,LZ4Fast,100454,0.7664031982421875,0.000206125
128,131072,7.0,1.0870479058130686e-10,LZ4Frame,97413,0.7432022094726562,0.000173125
128,131072,7.0,1.0870479058130686e-10,Xz,48900,0.373077392578125,0.010998875
128,131072,7.0,1.0870479058130686e-10,Zlib,81727,0.6235275268554688,0.002299792
128,131072,7.0,1.0870479058130686e-10,Zstd,53471,0.40795135498046875,0.000407583
128,131072,7.5,3.193571745665214e-11,Bzip2,78628,0.599884033203125,0.007658792
128,131072,7.5,3.193571745665214e-11,LZ4Fast,100319,0.7653732299804688,0.000213917
128,131072,7.5,3.193571745665214e-11,LZ4Frame,97371,0.7428817749023438,0.000141417
128,131072,7.5,3.193571745665214e-11,Xz,49104,0.3746337890625,0.012043042
128,131072,7.5,3.193571745665214e-11,Zlib,81745,0.6236648559570312,0.002313958
128,131072,7.5,3.193571745665214e-11,Zstd,53249,0.40625762939453125,0.000448583
128,131072,8.0,9.382199921629355e-12,Bzip2,78425,0.5983352661132812,0.007752792
128,131072,8.0,9.382199921629355e-12,LZ4Fast,100498,0.7667388916015625,0.0002145
128,131072,8.0,9.382199921629355e-12,LZ4Frame,97278,0.7421722412109375,0.000161666
128,131072,8.0,9.382199921629355e-12,Xz,47916,0.365570068359375,0.010818291
128,131072,8.0,9.382199921629355e-12,Zlib,81644,0.622894287109375,0.002272709
128,131072,8.0,9.382199921629355e-12,Zstd,52940,0.403900146484375,0.000449167
128,131072,8.5,2.7563389661281953e-12,Bzip2,78563,0.5993881225585938,0.007670875
128,131072,8.5,2.7563389661281953e-12,LZ4Fast,100540,0.767059326171875,0.000205625
128,131072,8.5,2.7563389661281953e-12,LZ4Frame,97506,0.7439117431640625,0.000138959
128,131072,8.5,2.7563389661281953e-12,Xz,48368,0.3690185546875,0.010661583
128,131072,8.5,2.7563389661281953e-12,Zlib,81782,0.6239471435546875,0.002253417
128,131072,8.5,2.7563389661281953e-12,Zstd,52991,0.40428924560546875,0.000400709
128,131072,9.0,8.097682181853289e-13,Bzip2,78511,0.5989913940429688,0.007383084
128,131072,9.0,8.097682181853289e-13,LZ4Fast,100801,0.7690505981445312,0.000204375
128,131072,9.0,8.097682181853289e-13,LZ4Frame,97699,0.7453842163085938,0.000151
128,131072,9.0,8.097682181853289e-13,Xz,48828,0.372528076171875,0.01013175
128,131072,9.0,8.097682181853289e-13,Zlib,81889,0.6247634887695312,0.002332042
128,131072,9.0,8.097682181853289e-13,Zstd,53303,0.40666961669921875,0.000423083
128,131072,9.5,2.378968032346619e-13,Bzip2,78922,0.6021270751953125,0.007416834
128,131072,9.5,2.378968032346619e-13,LZ4Fast,100915,0.7699203491210938,0.00020175
128,131072,9.5,2.378968032346619e-13,LZ4Frame,97844,0.746490478515625,0.000136125
128,131072,9.5,2.378968032346619e-13,Xz,47700,0.363922119140625,0.010140667
128,131072,9.5,2.378968032346619e-13,Zlib,82054,0.6260223388671875,0.002197625
128,131072,9.5,2.378968032346619e-13,Zstd,53114,0.4052276611328125,0.000417417
128,131072,10.0,6.98896626064254e-14,Bzip2,78815,0.6013107299804688,0.007718083
128,131072,10.0,6.98896626064254e-14,LZ4Fast,100672,0.76806640625,0.000204542
128,131072,10.0,6.98896626064254e-14,LZ4Frame,97598,0.7446136474609375,0.000148833
128,131072,10.0,6.98896626064254e-14,Xz,48688,0.3714599609375,0.010653625
128,131072,10.0,6.98896626064254e-14,Zlib,81956,0.625274658203125,0.00227
128,131072,10.0,6.98896626064254e-14,Zstd,53015,0.40447235107421875,0.000409625
256,524288,0.5,0.0004492719021775176,Bzip2,336256,0.641357421875,0.030737167
256,524288,0.5,0.0004492719021775176,LZ4Fast,436935,0.8333873748779297,0.000834291
256,524288,0.5,0.0004492719021775176,LZ4Frame,429215,0.8186626434326172,0.000495083
256,524288,0.5,0.0004492719021775176,Xz,189544,0.3615264892578125,0.045678166
256,524288,0.5,0.0004492719021775176,Zlib,350024,0.6676177978515625,0.010438083
256,524288,0.5,0.0004492719021775176,Zstd,219503,0.4186687469482422,0.00147225
256,524288,1.0,0.00013068586601837996,Bzip2,338403,0.6454524993896484,0.031124959
256,524288,1.0,0.00013068586601837996,LZ4Fast,438465,0.8363056182861328,0.000913667
256,524288,1.0,0.00013068586601837996,LZ4Frame,430565,0.8212375640869141,0.000561542
256,524288,1.0,0.00013068586601837996,Xz,191572,0.36539459228515625,0.04358375
256,524288,1.0,0.00013068586601837996,Zlib,350913,0.6693134307861328,0.010159459
256,524288,1.0,0.00013068586601837996,Zstd,223814,0.4268913269042969,0.001519333
256,524288,1.5,3.835768782927596e-5,Bzip2,338855,0.6463146209716797,0.029974458
256,524288,1.5,3.835768782927596e-5,LZ4Fast,438782,0.8369102478027344,0.000874333
256,524288,1.5,3.835768782927596e-5,LZ4Frame,430824,0.8217315673828125,0.000535375
256,524288,1.5,3.835768782927596e-5,Xz,191976,0.3661651611328125,0.041453208
256,524288,1.5,3.835768782927596e-5,Zlib,351156,0.6697769165039062,0.010052709
256,524288,1.5,3.835768782927596e-5,Zstd,223837,0.42693519592285156,0.001439333
256,524288,2.0,1.1258395178956517e-5,Bzip2,338255,0.6451702117919922,0.031398375
256,524288,2.0,1.1258395178956517e-5,LZ4Fast,438099,0.8356075286865234,0.000891875
256,524288,2.0,1.1258395178956517e-5,LZ4Frame,430380,0.8208847045898438,0.000567417
256,524288,2.0,1.1258395178956517e-5,Xz,189720,0.3618621826171875,0.045179667
256,524288,2.0,1.1258395178956517e-5,Zlib,350835,0.6691646575927734,0.010334375
256,524288,2.0,1.1258395178956517e-5,Zstd,221601,0.4226703643798828,0.001512917
256,524288,2.5,3.3044604402391627e-6,Bzip2,338382,0.6454124450683594,0.03081125
256,524288,2.5,3.3044604402391627e-6,LZ4Fast,438461,0.8362979888916016,0.000931333
256,524288,2.5,3.3044604402391627e-6,LZ4Frame,430810,0.8217048645019531,0.000559458
256,524288,2.5,3.3044604402391627e-6,Xz,190852,0.36402130126953125,0.045744375
256,524288,2.5,3.3044604402391627e-6,Zlib,350956,0.6693954467773438,0.010369667
256,524288,2.5,3.3044604402391627e-6,Zstd,222833,0.4250202178955078,0.001495834
256,524288,3.0,9.69894787626356e-7,Bzip2,338365,0.6453800201416016,0.029853541
256,524288,3.0,9.69894787626356e-7,LZ4Fast,438741,0.8368320465087891,0.0008705
256,524288,3.0,9.69894787626356e-7,LZ4Frame,430823,0.8217296600341797,0.000562
256,524288,3.0,9.69894787626356e-7,Xz,189256,0.3609771728515625,0.041660125
256,524288,3.0,9.69894787626356e-7,Zlib,351079,0.6696300506591797,0.00986375
256,524288,3.0,9.69894787626356e-7,Zstd,220694,0.4209403991699219,0.001449958
256,524288,3.5,2.846745833629539e-7,Bzip2,338235,0.6451320648193359,0.032971334
256,524288,3.5,2.846745833629539e-7,LZ4Fast,438241,0.8358783721923828,0.000863458
256,524288,3.5,2.846745833629539e-7,LZ4Frame,430379,0.8208827972412109,0.000581208
256,524288,3.5,2.846745833629539e-7,Xz,189452,0.36135101318359375,0.044617958
256,524288,3.5,2.846745833629539e-7,Zlib,350944,0.66937255859375,0.010404666
256,524288,3.5,2.846745833629539e-7,Zstd,222174,0.4237632751464844,0.001475459
256,524288,4.0,8.355506127772432e-8,Bzip2,338764,0.6461410522460938,0.031253792
256,524288,4.0,8.355506127772432e-8,LZ4Fast,439034,0.8373908996582031,0.000903584
256,524288,4.0,8.355506127772432e-8,LZ4Frame,431497,0.8230152130126953,0.000562916
256,524288,4.0,8.355506127772432e-8,Xz,191184,0.364654541015625,0.04368775
256,524288,4.0,8.355506127772432e-8,Zlib,351299,0.6700496673583984,0.010417542
256,524288,4.0,8.355506127772432e-8,Zstd,222568,0.4245147705078125,0.001469708
256,524288,4.5,2.4524311874432655e-8,Bzip2,338730,0.6460762023925781,0.031200833
256,524288,4.5,2.4524311874432655e-8,LZ4Fast,439155,0.8376216888427734,0.000908334
256,524288,4.5,2.4524311874432655e-8,LZ4Frame,431099,0.8222560882568359,0.0005875
256,524288,4.5,2.4524311874432655e-8,Xz,189180,0.36083221435546875,0.045244125
256,524288,4.5,2.4524311874432655e-8,Zlib,351231,0.6699199676513672,0.010304959
256,524288,4.5,2.4524311874432655e-8,Zstd,222892,0.42513275146484375,0.001461042
256,524288,5.0,7.19815010233806e-9,Bzip2,338158,0.6449851989746094,0.032858417
256,524288,5.0,7.19815010233806e-9,LZ4Fast,438151,0.8357067108154297,0.000866459
256,524288,5.0,7.19815010233806e-9,LZ4Frame,430431,0.8209819793701172,0.000580208
256,524288,5.0,7.19815010233806e-9,Xz,191384,0.3650360107421875,0.045237709
256,524288,5.0,7.19815010233806e-9,Zlib,350736,0.668975830078125,0.010484417
256,524288,5.0,7.19815010233806e-9,Zstd,222416,0.424224853515625,0.001446458
256,524288,5.5,2.112734708925871e-9,Bzip2,338454,0.6455497741699219,0.03009675
256,524288,5.5,2.112734708925871e-9,LZ4Fast,438019,0.8354549407958984,0.000852541
256,524288,5.5,2.112734708925871e-9,LZ4Frame,430069,0.8202915191650391,0.0005185
256,524288,5.5,2.112734708925871e-9,Xz,190432,0.36322021484375,0.0418245
256,524288,5.5,2.112734708925871e-9,Zlib,350938,0.6693611145019531,0.010938208
256,524288,5.5,2.112734708925871e-9,Zstd,221834,0.4231147766113281,0.001364042
256,524288,6.0,6.201104296587089e-10,Bzip2,337837,0.6443729400634766,0.031050834
256,524288,6.0,6.201104296587089e-10,LZ4Fast,438088,0.8355865478515625,0.00089725
256,524288,6.0,6.201104296587089e-10,LZ4Frame,430304,0.82073974609375,0.000559375
256,524288,6.0,6.201104296587089e-10,Xz,189544,0.3615264892578125,0.044986417
256,524288,6.0,6.201104296587089e-10,Zlib,350410,0.6683540344238281,0.010326708
256,524288,6.0,6.201104296587089e-10,Zstd,222497,0.4243793487548828,0.001476458
256,524288,6.5,1.8200910048297807e-10,Bzip2,338009,0.6447010040283203,0.030798
256,524288,6.5,1.8200910048297807e-10,LZ4Fast,438390,0.8361625671386719,0.000838458
256,524288,6.5,1.8200910048297807e-10,LZ4Frame,430374,0.8208732604980469,0.000491833
256,524288,6.5,1.8200910048297807e-10,Xz,189712,0.361846923828125,0.041666125
256,524288,6.5,1.8200910048297807e-10,Zlib,350678,0.6688652038574219,0.010453125
256,524288,6.5,1.8200910048297807e-10,Zstd,222018,0.4234657287597656,0.001387292
256,524288,7.0,5.342163444169888e-11,Bzip2,338091,0.6448574066162109,0.029954291
256,524288,7.0,5.342163444169888e-11,LZ4Fast,438186,0.8357734680175781,0.000859375
256,524288,7.0,5.342163444169888e-11,LZ4Frame,430436,0.8209915161132812,0.000958458
256,524288,7.0,5.342163444169888e-11,Xz,188960,0.36041259765625,0.04445975
256,524288,7.0,5.342163444169888e-11,Zlib,351004,0.6694869995117188,0.010352375
256,524288,7.0,5.342163444169888e-11,Zstd,223687,0.4266490936279297,0.001399791
256,524288,7.5,1.5679825543282042e-11,Bzip2,338481,0.6456012725830078,0.031811708
256,524288,7.5,1.5679825543282042e-11,LZ4Fast,438263,0.8359203338623047,0.000903667
256,524288,7.5,1.5679825543282042e-11,LZ4Frame,430229,0.8205966949462891,0.000540333
256,524288,7.5,1.5679825543282042e-11,Xz,190320,0.363006591796875,0.044565584
256,524288,7.5,1.5679825543282042e-11,Zlib,351205,0.6698703765869141,0.01040575
256,524288,7.5,1.5679825543282042e-11,Zstd,226913,0.4328022003173828,0.001536417
256,524288,8.0,4.602198191146843e-12,Bzip2,338201,0.6450672149658203,0.03180725
256,524288,8.0,4.602198191146843e-12,LZ4Fast,438547,0.8364620208740234,0.00088775
256,524288,8.0,4.602198191146843e-12,LZ4Frame,430874,0.8218269348144531,0.00049025
256,524288,8.0,4.602198191146843e-12,Xz,189948,0.36229705810546875,0.044763
256,524288,8.0,4.602198191146843e-12,Zlib,350995,0.6694698333740234,0.010801959
256,524288,8.0,4.602198191146843e-12,Zstd,223948,0.42714691162109375,0.001426708
256,524288,8.5,1.3507948081949612e-12,Bzip2,338072,0.6448211669921875,0.030949084
256,524288,8.5,1.3507948081949612e-12,LZ4Fast,438226,0.8358497619628906,0.00085875
256,524288,8.5,1.3507948081949612e-12,LZ4Frame,430236,0.8206100463867188,0.000539542
256,524288,8.5,1.3507948081949612e-12,Xz,189640,0.3617095947265625,0.04165975
256,524288,8.5,1.3507948081949612e-12,Zlib,351138,0.6697425842285156,0.0100065
256,524288,8.5,1.3507948081949612e-12,Zstd,224057,0.4273548126220703,0.001392667
256,524288,9.0,3.9647339702695654e-13,Bzip2,337703,0.6441173553466797,0.031801417
256,524288,9.0,3.9647339702695654e-13,LZ4Fast,438027,0.8354701995849609,0.000895541
256,524288,9.0,3.9647339702695654e-13,LZ4Frame,430589,0.8212833404541016,0.0005545
256,524288,9.0,3.9647339702695654e-13,Xz,189804,0.36202239990234375,0.04364975
256,524288,9.0,3.9647339702695654e-13,Zlib,350788,0.6690750122070312,0.010771875
256,524288,9.0,3.9647339702695654e-13,Zstd,224318,0.4278526306152344,0.001471125
256,524288,9.5,1.1636787089815477e-13,Bzip2,337330,0.6434059143066406,0.030810125
256,524288,9.5,1.1636787089815477e-13,LZ4Fast,437986,0.8353919982910156,0.000898459
256,524288,9.5,1.1636787089815477e-13,LZ4Frame,430399,0.8209209442138672,0.000524292
256,524288,9.5,1.1636787089815477e-13,Xz,190920,0.3641510009765625,0.045480625
256,524288,9.5,1.1636787089815477e-13,Zlib,350974,0.6694297790527344,0.010323084
256,524288,9.5,1.1636787089815477e-13,Zstd,221170,0.4218482971191406,0.001482458
256,524288,10.0,3.415542331792917e-14,Bzip2,337505,0.6437397003173828,0.031562875
256,524288,10.0,3.415542331792917e-14,LZ4Fast,437752,0.8349456787109375,0.000867084
256,524288,10.0,3.415542331792917e-14,LZ4Frame,429740,0.8196640014648438,0.000505791
256,524288,10.0,3.415542331792917e-14,Xz,188896,0.36029052734375,0.045834292
256,524288,10.0,3.415542331792917e-14,Zlib,350490,0.6685066223144531,0.012169625
256,524288,10.0,3.415542331792917e-14,Zstd,223090,0.4255104064941406,0.001595417
512,2097152,0.5,0.0002240901562288954,Bzip2,1630438,0.7774534225463867,0.142794333
512,2097152,0.5,0.0002240901562288954,LZ4Fast,1931229,0.9208817481994629,0.002622042
512,2097152,0.5,0.0002240901562288954,LZ4Frame,1839724,0.8772487640380859,0.002059333
512,2097152,0.5,0.0002240901562288954,Xz,853880,0.4071617126464844,0.189557875
512,2097152,0.5,0.0002240901562288954,Zlib,1434637,0.6840882301330566,0.043305875
512,2097152,0.5,0.0002240901562288954,Zstd,1340701,0.6392960548400879,0.005717541
512,2097152,1.0,6.516200012297841e-5,Bzip2,1632191,0.7782893180847168,0.141836667
512,2097152,1.0,6.516200012297841e-5,LZ4Fast,1934780,0.9225749969482422,0.0025945
512,2097152,1.0,6.516200012297841e-5,LZ4Frame,1841575,0.8781313896179199,0.002055833
512,2097152,1.0,6.516200012297841e-5,Xz,882848,0.4209747314453125,0.19159175
512,2097152,1.0,6.516200012297841e-5,Zlib,1436489,0.6849713325500488,0.042700417
512,2097152,1.0,6.516200012297841e-5,Zstd,1363618,0.6502237319946289,0.005735375
512,2097152,1.5,1.912127136109309e-5,Bzip2,1631460,0.7779407501220703,0.137960625
512,2097152,1.5,1.912127136109309e-5,LZ4Fast,1935764,0.9230442047119141,0.002669208
512,2097152,1.5,1.912127136109309e-5,LZ4Frame,1840707,0.8777174949645996,0.002029208
512,2097152,1.5,1.912127136109309e-5,Xz,883548,0.4213085174560547,0.199512875
512,2097152,1.5,1.912127136109309e-5,Zlib,1436438,0.6849470138549805,0.045021167
512,2097152,1.5,1.912127136109309e-5,Zstd,1360251,0.648618221282959,0.005634209
512,2097152,2.0,5.610988835502857e-6,Bzip2,1632129,0.7782597541809082,0.142207208
512,2097152,2.0,5.610988835502857e-6,LZ4Fast,1934051,0.9222273826599121,0.002608333
512,2097152,2.0,5.610988835502857e-6,LZ4Frame,1840531,0.8776335716247559,0.002970125
512,2097152,2.0,5.610988835502857e-6,Xz,886516,0.42272377014160156,0.184767791
512,2097152,2.0,5.610988835502857e-6,Zlib,1436703,0.6850733757019043,0.040968416
512,2097152,2.0,5.610988835502857e-6,Zstd,1369797,0.653170108795166,0.00563975
512,2097152,2.5,1.646501172387521e-6,Bzip2,1632649,0.7785077095031738,0.141476708
512,2097152,2.5,1.646501172387521e-6,LZ4Fast,1934981,0.922670841217041,0.002617042
512,2097152,2.5,1.646501172387521e-6,LZ4Frame,1842051,0.8783583641052246,0.001930459
512,2097152,2.5,1.646501172387521e-6,Xz,882324,0.42072486877441406,0.196020834
512,2097152,2.5,1.646501172387521e-6,Zlib,1438101,0.6857399940490723,0.041465209
512,2097152,2.5,1.646501172387521e-6,Zstd,1346511,0.642066478729248,0.005519792
512,2097152,3.0,4.831530038913565e-7,Bzip2,1631762,0.7780847549438477,0.147614625
512,2097152,3.0,4.831530038913565e-7,LZ4Fast,1934372,0.9223804473876953,0.002710125
512,2097152,3.0,4.831530038913565e-7,LZ4Frame,1841028,0.8778705596923828,0.002023083
512,2097152,3.0,4.831530038913565e-7,Xz,875968,0.417694091796875,0.217521042
512,2097152,3.0,4.831530038913565e-7,Zlib,1436853,0.6851449012756348,0.04243
512,2097152,3.0,4.831530038913565e-7,Zstd,1362801,0.649834156036377,0.006708
512,2097152,3.5,1.4177750315875834e-7,Bzip2,1632135,0.7782626152038574,0.1391675
512,2097152,3.5,1.4177750315875834e-7,LZ4Fast,1935177,0.9227643013000488,0.002599708
512,2097152,3.5,1.4177750315875834e-7,LZ4Frame,1840468,0.8776035308837891,0.001929208
512,2097152,3.5,1.4177750315875834e-7,Xz,880008,0.4196205139160156,0.193033917
512,2097152,3.5,1.4177750315875834e-7,Zlib,1437002,0.685215950012207,0.041062
512,2097152,3.5,1.4177750315875834e-7,Zstd,1365755,0.651242733001709,0.006245584
512,2097152,4.0,4.160350911612628e-8,Bzip2,1632329,0.7783551216125488,0.143299209
512,2097152,4.0,4.160350911612628e-8,LZ4Fast,1934539,0.9224600791931152,0.002710625
512,2097152,4.0,4.160350911612628e-8,LZ4Frame,1841574,0.8781309127807617,0.001932
512,2097152,4.0,4.160350911612628e-8,Xz,888296,0.4235725402832031,0.198062542
512,2097152,4.0,4.160350911612628e-8,Zlib,1437497,0.6854519844055176,0.041401083
512,2097152,4.0,4.160350911612628e-8,Zstd,1360188,0.6485881805419922,0.006270417
512,2097152,4.5,1.2208227202686665e-8,Bzip2,1630953,0.7776989936828613,0.140261583
512,2097152,4.5,1.2208227202686665e-8,LZ4Fast,1933492,0.9219608306884766,0.002599667
512,2097152,4.5,1.2208227202686665e-8,LZ4Frame,1839911,0.8773379325866699,0.001966125
512,2097152,4.5,1.2208227202686665e-8,Xz,880960,0.420074462890625,0.197493875
512,2097152,4.5,1.2208227202686665e-8,Zlib,1434907,0.6842169761657715,0.0411505
512,2097152,4.5,1.2208227202686665e-8,Zstd,1361501,0.6492142677307129,0.00613225
512,2097152,5.0,3.5824096238790285e-9,Bzip2,1631871,0.7781367301940918,0.142747125
512,2097152,5.0,3.5824096238790285e-9,LZ4Fast,1933733,0.9220757484436035,0.00254675
512,2097152,5.0,3.5824096238790285e-9,LZ4Frame,1840954,0.8778352737426758,0.0019055
512,2097152,5.0,3.5824096238790285e-9,Xz,883124,0.42110633850097656,0.194506834
512,2097152,5.0,3.5824096238790285e-9,Zlib,1437020,0.6852245330810547,0.042578
512,2097152,5.0,3.5824096238790285e-9,Zstd,1352183,0.6447710990905762,0.006566417
512,2097152,5.5,1.0512303296879181e-9,Bzip2,1632571,0.778470516204834,0.142891375
512,2097152,5.5,1.0512303296879181e-9,LZ4Fast,1935162,0.9227571487426758,0.003417709
512,2097152,5.5,1.0512303296879181e-9,LZ4Frame,1841168,0.8779373168945312,0.001891958
512,2097152,5.5,1.0512303296879181e-9,Xz,886400,0.42266845703125,0.189612458
512,2097152,5.5,1.0512303296879181e-9,Zlib,1437359,0.6853861808776855,0.042501625
512,2097152,5.5,1.0512303296879181e-9,Zstd,1346778,0.6421937942504883,0.006732083
512,2097152,6.0,3.0847539039016335e-10,Bzip2,1633393,0.778862476348877,0.142141083
512,2097152,6.0,3.0847539039016335e-10,LZ4Fast,1936275,0.9232878684997559,0.004090917
512,2097152,6.0,3.0847539039016335e-10,LZ4Frame,1842366,0.8785085678100586,0.001926791
512,2097152,6.0,3.0847539039016335e-10,Xz,890460,0.4246044158935547,0.199085875
512,2097152,6.0,3.0847539039016335e-10,Zlib,1438400,0.685882568359375,0.042200541
512,2097152,6.0,3.0847539039016335e-10,Zstd,1352120,0.6447410583496094,0.006191041
512,2097152,6.5,9.051971179563614e-11,Bzip2,1634357,0.7793221473693848,0.137758666
512,2097152,6.5,9.051971179563614e-11,LZ4Fast,1937305,0.9237790107727051,0.003511541
512,2097152,6.5,9.051971179563614e-11,LZ4Frame,1843243,0.8789267539978027,0.001931125
512,2097152,6.5,9.051971179563614e-11,Xz,893360,0.42598724365234375,0.200202666
512,2097152,6.5,9.051971179563614e-11,Zlib,1439524,0.6864185333251953,0.042558958
512,2097152,6.5,9.051971179563614e-11,Zstd,1370811,0.653653621673584,0.00617975
512,2097152,7.0,2.6562307460325565e-11,Bzip2,1633239,0.7787890434265137,0.139931375
512,2097152,7.0,2.6562307460325565e-11,LZ4Fast,1936320,0.923309326171875,0.003315333
512,2097152,7.0,2.6562307460325565e-11,LZ4Frame,1840959,0.8778376579284668,0.001898875
512,2097152,7.0,2.6562307460325565e-11,Xz,892016,0.42534637451171875,0.178571666
512,2097152,7.0,2.6562307460325565e-11,Zlib,1437778,0.6855859756469727,0.042177709
512,2097152,7.0,2.6562307460325565e-11,Zstd,1357403,0.6472601890563965,0.006343917
512,2097152,7.5,7.794502948414078e-12,Bzip2,1633592,0.7789573669433594,0.137570333
512,2097152,7.5,7.794502948414078e-12,LZ4Fast,1935741,0.9230332374572754,0.003311834
512,2097152,7.5,7.794502948414078e-12,LZ4Frame,1841432,0.8780632019042969,0.00180225
512,2097152,7.5,7.794502948414078e-12,Xz,885684,0.42232704162597656,0.194495542
512,2097152,7.5,7.794502948414078e-12,Zlib,1438401,0.6858830451965332,0.04100325
512,2097152,7.5,7.794502948414078e-12,Zstd,1354040,0.6456565856933594,0.006342417
512,2097152,8.0,2.2872362597371926e-12,Bzip2,1632832,0.778594970703125,0.1414195
512,2097152,8.0,2.2872362597371926e-12,LZ4Fast,1936258,0.9232797622680664,0.003337958
512,2097152,8.0,2.2872362597371926e-12,LZ4Frame,1841620,0.8781528472900391,0.001893625
512,2097152,8.0,2.2872362597371926e-12,Xz,889972,0.42437171936035156,0.19957775
512,2097152,8.0,2.2872362597371926e-12,Zlib,1437945,0.6856656074523926,0.042889709
512,2097152,8.0,2.2872362597371926e-12,Zstd,1353925,0.645601749420166,0.00686475
512,2097152,8.5,6.71171680228917e-13,Bzip2,1631620,0.7780170440673828,0.143986417
512,2097152,8.5,6.71171680228917e-13,LZ4Fast,1935253,0.9228005409240723,0.003458709
512,2097152,8.5,6.71171680228917e-13,LZ4Frame,1841036,0.8778743743896484,0.002010208
512,2097152,8.5,6.71171680228917e-13,Xz,894412,0.42648887634277344,0.217041167
512,2097152,8.5,6.71171680228917e-13,Zlib,1436249,0.6848568916320801,0.041376333
512,2097152,8.5,6.71171680228917e-13,Zstd,1368071,0.6523470878601074,0.005655166
512,2097152,9.0,1.9694981099699377e-13,Bzip2,1630274,0.7773752212524414,0.139112958
512,2097152,9.0,1.9694981099699377e-13,LZ4Fast,1934754,0.9225625991821289,0.002624042
512,2097152,9.0,1.9694981099699377e-13,LZ4Frame,1839007,0.8769068717956543,0.002265708
512,2097152,9.0,1.9694981099699377e-13,Xz,891496,0.4250984191894531,0.199158333
512,2097152,9.0,1.9694981099699377e-13,Zlib,1434444,0.6839962005615234,0.04203025
512,2097152,9.0,1.9694981099699377e-13,Zstd,1354124,0.6456966400146484,0.005561125
512,2097152,9.5,5.779306848618349e-14,Bzip2,1632599,0.7784838676452637,0.137860541
512,2097152,9.5,5.779306848618349e-14,LZ4Fast,1935439,0.922889232635498,0.002614125
512,2097152,9.5,5.779306848618349e-14,LZ4Frame,1840394,0.877568244934082,0.0024105
512,2097152,9.5,5.779306848618349e-14,Xz,894856,0.4267005920410156,0.194695167
512,2097152,9.5,5.779306848618349e-14,Zlib,1436558,0.6850042343139648,0.041461833
512,2097152,9.5,5.779306848618349e-14,Zstd,1366916,0.6517963409423828,0.005767125
512,2097152,10.0,1.6958981801864253e-14,Bzip2,1631842,0.7781229019165039,0.142653375
512,2097152,10.0,1.6958981801864253e-14,LZ4Fast,1934086,0.9222440719604492,0.002599959
512,2097152,10.0,1.6958981801864253e-14,LZ4Frame,1840319,0.8775324821472168,0.001948917
512,2097152,10.0,1.6958981801864253e-14,Xz,883412,0.42124366760253906,0.189300125
512,2097152,10.0,1.6958981801864253e-14,Zlib,1435731,0.6846098899841309,0.043089041
512,2097152,10.0,1.6958981801864253e-14,Zstd,1347772,0.6426677703857422,0.005654583
1024,8388608,0.5,0.00011191046763599192,Bzip2,6863873,0.8182374238967896,0.592369375
1024,8388608,0.5,0.00011191046763599192,LZ4Fast,8132097,0.9694215059280396,0.008197458
1024,8388608,0.5,0.00011191046763599192,LZ4Frame,8017435,0.9557527303695679,0.006334917
1024,8388608,0.5,0.00011191046763599192,Xz,3763232,0.4486122131347656,1.284052875
1024,8388608,0.5,0.00011191046763599192,Zlib,6102289,0.7274495363235474,0.1786835
1024,8388608,0.5,0.00011191046763599192,Zstd,6837106,0.8150465488433838,0.02521575
1024,8388608,1.0,3.2538176049557134e-5,Bzip2,6881558,0.8203456401824951,0.580369792
1024,8388608,1.0,3.2538176049557134e-5,LZ4Fast,8144624,0.9709148406982422,0.008547333
1024,8388608,1.0,3.2538176049557134e-5,LZ4Frame,8022394,0.9563438892364502,0.006602041
1024,8388608,1.0,3.2538176049557134e-5,Xz,3778020,0.4503750801086426,1.276115292
1024,8388608,1.0,3.2538176049557134e-5,Zlib,6118285,0.7293564081192017,0.173202417
1024,8388608,1.0,3.2538176049557134e-5,Zstd,6852985,0.8169394731521606,0.025846667
1024,8388608,1.5,9.547510444897744e-6,Bzip2,6890815,0.8214491605758667,0.582999333
1024,8388608,1.5,9.547510444897744e-6,LZ4Fast,8148827,0.9714158773422241,0.00852075
1024,8388608,1.5,9.547510444897744e-6,LZ4Frame,8025009,0.9566556215286255,0.0064255
1024,8388608,1.5,9.547510444897744e-6,Xz,3790004,0.45180368423461914,1.288817625
1024,8388608,1.5,9.547510444897744e-6,Zlib,6125294,0.7301919460296631,0.182087458
1024,8388608,1.5,9.547510444897744e-6,Zstd,6880568,0.8202276229858398,0.028154833
1024,8388608,2.0,2.8014789769500027e-6,Bzip2,6889485,0.8212906122207642,0.582473583
1024,8388608,2.0,2.8014789769500027e-6,LZ4Fast,8144767,0.970931887626648,0.008660958
1024,8388608,2.0,2.8014789769500027e-6,LZ4Frame,8022700,0.9563803672790527,0.006552667
1024,8388608,2.0,2.8014789769500027e-6,Xz,3765196,0.44884634017944336,1.285860417
1024,8388608,2.0,2.8014789769500027e-6,Zlib,6122292,0.7298340797424316,0.17613275
1024,8388608,2.0,2.8014789769500027e-6,Zstd,6848118,0.816359281539917,0.027436833
1024,8388608,2.5,8.220241814831343e-7,Bzip2,6889182,0.8212544918060303,0.58572075
1024,8388608,2.5,8.220241814831343e-7,LZ4Fast,8146080,0.9710884094238281,0.009674458
1024,8388608,2.5,8.220241814831343e-7,LZ4Frame,8024859,0.9566377401351929,0.006437542
1024,8388608,2.5,8.220241814831343e-7,Xz,3774344,0.4499368667602539,1.282330375
1024,8388608,2.5,8.220241814831343e-7,Zlib,6124100,0.7300496101379395,0.175778334
1024,8388608,2.5,8.220241814831343e-7,Zstd,6873022,0.8193280696868896,0.026308833
1024,8388608,3.0,2.412025078546666e-7,Bzip2,6896573,0.8221355676651001,0.5836045
1024,8388608,3.0,2.412025078546666e-7,LZ4Fast,8146776,0.9711713790893555,0.008371083
1024,8388608,3.0,2.412025078546666e-7,LZ4Frame,8024187,0.9565576314926147,0.007606333
1024,8388608,3.0,2.412025078546666e-7,Xz,3745760,0.4465293884277344,1.290322042
1024,8388608,3.0,2.412025078546666e-7,Zlib,6125990,0.7302749156951904,0.182222875
1024,8388608,3.0,2.412025078546666e-7,Zstd,6870742,0.8190562725067139,0.026295208
1024,8388608,3.5,7.077486417817519e-8,Bzip2,6893895,0.8218163251876831,0.568185709
1024,8388608,3.5,7.077486417817519e-8,LZ4Fast,8146567,0.9711464643478394,0.008108875
1024,8388608,3.5,7.077486417817519e-8,LZ4Frame,8026461,0.9568287134170532,0.006011041
1024,8388608,3.5,7.077486417817519e-8,Xz,3771520,0.4496002197265625,1.187532584
1024,8388608,3.5,7.077486417817519e-8,Zlib,6129817,0.7307311296463013,0.170875083
1024,8388608,3.5,7.077486417817519e-8,Zstd,6877368,0.8198461532592773,0.024767875
1024,8388608,4.0,2.0767119894196173e-8,Bzip2,6896764,0.8221583366394043,0.572642459
1024,8388608,4.0,2.0767119894196173e-8,LZ4Fast,8147275,0.9712308645248413,0.008225042
1024,8388608,4.0,2.0767119894196173e-8,LZ4Frame,8027385,0.9569388628005981,0.006083125
1024,8388608,4.0,2.0767119894196173e-8,Xz,3745532,0.4465022087097168,1.218839333
1024,8388608,4.0,2.0767119894196173e-8,Zlib,6132254,0.7310216426849365,0.188314833
1024,8388608,4.0,2.0767119894196173e-8,Zstd,6884548,0.820702075958252,0.028238958
1024,8388608,4.5,6.09359373136193e-9,Bzip2,6894621,0.821902871131897,0.565733292
1024,8388608,4.5,6.09359373136193e-9,LZ4Fast,8148243,0.9713462591171265,0.009433125
1024,8388608,4.5,6.09359373136193e-9,LZ4Frame,8026498,0.9568331241607666,0.006138875
1024,8388608,4.5,6.09359373136193e-9,Xz,3752212,0.447298526763916,1.196867292
1024,8388608,4.5,6.09359373136193e-9,Zlib,6129798,0.7307288646697998,0.17027175
1024,8388608,4.5,6.09359373136193e-9,Zstd,6884877,0.8207412958145142,0.026281917
1024,8388608,5.0,1.7880132033003372e-9,Bzip2,6894644,0.8219056129455566,0.565542834
1024,8388608,5.0,1.7880132033003372e-9,LZ4Fast,8147963,0.9713128805160522,0.008548042
1024,8388608,5.0,1.7880132033003372e-9,LZ4Frame,8026116,0.9567875862121582,0.007668
1024,8388608,5.0,1.7880132033003372e-9,Xz,3784900,0.45119524002075195,1.197078167
1024,8388608,5.0,1.7880132033003372e-9,Zlib,6130597,0.7308241128921509,0.170714417
1024,8388608,5.0,1.7880132033003372e-9,Zstd,6879872,0.8201446533203125,0.025286584
1024,8388608,5.5,5.246479098183615e-10,Bzip2,6893290,0.8217442035675049,0.566926083
1024,8388608,5.5,5.246479098183615e-10,LZ4Fast,8147962,0.9713127613067627,0.008093666
1024,8388608,5.5,5.246479098183615e-10,LZ4Frame,8026575,0.956842303276062,0.006001958
1024,8388608,5.5,5.246479098183615e-10,Xz,3745556,0.446505069732666,1.183991417
1024,8388608,5.5,5.246479098183615e-10,Zlib,6127887,0.7305010557174683,0.171352667
1024,8388608,5.5,5.246479098183615e-10,Zstd,6881961,0.8203936815261841,0.024914583
1024,8388608,6.0,1.5394485295064344e-10,Bzip2,6888215,0.8211392164230347,0.567938208
1024,8388608,6.0,1.5394485295064344e-10,LZ4Fast,8145456,0.9710140228271484,0.008162875
1024,8388608,6.0,1.5394485295064344e-10,LZ4Frame,8021752,0.9562673568725586,0.006050625
1024,8388608,6.0,1.5394485295064344e-10,Xz,3760964,0.44834184646606445,1.200883958
1024,8388608,6.0,1.5394485295064344e-10,Zlib,6120502,0.7296206951141357,0.170111417
1024,8388608,6.0,1.5394485295064344e-10,Zstd,6862375,0.8180588483810425,0.026887667
1024,8388608,6.5,4.5171280297016014e-11,Bzip2,6893439,0.821761965751648,0.5665115
1024,8388608,6.5,4.5171280297016014e-11,LZ4Fast,8146970,0.9711945056915283,0.009261958
1024,8388608,6.5,4.5171280297016014e-11,LZ4Frame,8022608,0.9563694000244141,0.006197708
1024,8388608,6.5,4.5171280297016014e-11,Xz,3758584,0.4480581283569336,1.2393695
1024,8388608,6.5,4.5171280297016014e-11,Zlib,6122750,0.7298886775970459,0.1698605
1024,8388608,6.5,4.5171280297016014e-11,Zstd,6873593,0.8193961381912231,0.025714334
1024,8388608,7.0,1.3254386453638116e-11,Bzip2,6889218,0.8212587833404541,0.565401375
1024,8388608,7.0,1.3254386453638116e-11,LZ4Fast,8146498,0.9711382389068604,0.008074792
1024,8388608,7.0,1.3254386453638116e-11,LZ4Frame,8023380,0.9564614295959473,0.007546791
1024,8388608,7.0,1.3254386453638116e-11,Xz,3779640,0.45056819915771484,1.247467125
1024,8388608,7.0,1.3254386453638116e-11,Zlib,6123096,0.7299299240112305,0.169888375
1024,8388608,7.0,1.3254386453638116e-11,Zstd,6884239,0.8206652402877808,0.024969083
1024,8388608,7.5,3.88916941152782e-12,Bzip2,6894860,0.8219313621520996,0.566745916
1024,8388608,7.5,3.88916941152782e-12,LZ4Fast,8147635,0.9712737798690796,0.008094083
1024,8388608,7.5,3.88916941152782e-12,LZ4Frame,8025596,0.9567255973815918,0.005980125
1024,8388608,7.5,3.88916941152782e-12,Xz,3778472,0.45042896270751953,1.198099084
1024,8388608,7.5,3.88916941152782e-12,Zlib,6127666,0.7304747104644775,0.171106959
1024,8388608,7.5,3.88916941152782e-12,Zstd,6879015,0.8200424909591675,0.024955417
1024,8388608,8.0,1.1411796642988088e-12,Bzip2,6900112,0.8225574493408203,0.580009708
1024,8388608,8.0,1.1411796642988088e-12,LZ4Fast,8149760,0.971527099609375,0.008514458
1024,8388608,8.0,1.1411796642988088e-12,LZ4Frame,8026332,0.9568133354187012,0.006497833
1024,8388608,8.0,1.1411796642988088e-12,Xz,3769508,0.44936037063598633,1.202129041
1024,8388608,8.0,1.1411796642988088e-12,Zlib,6131712,0.73095703125,0.16913175
1024,8388608,8.0,1.1411796642988088e-12,Zstd,6865964,0.8184866905212402,0.026793458
1024,8388608,8.5,3.3485109926923113e-13,Bzip2,6903070,0.8229100704193115,0.565671791
1024,8388608,8.5,3.3485109926923113e-13,LZ4Fast,8147524,0.9712605476379395,0.009221959
1024,8388608,8.5,3.3485109926923113e-13,LZ4Frame,8029617,0.9572049379348755,0.0060255
1024,8388608,8.5,3.3485109926923113e-13,Xz,3711708,0.44247007369995117,1.27123825
1024,8388608,8.5,3.3485109926923113e-13,Zlib,6136148,0.7314858436584473,0.171267375
1024,8388608,8.5,3.3485109926923113e-13,Zstd,6882512,0.8204593658447266,0.02664925
1024,8388608,9.0,9.825346571132325e-14,Bzip2,6895457,0.8220025300979614,0.566477125
1024,8388608,9.0,9.825346571132325e-14,LZ4Fast,8147845,0.9712988138198853,0.008149959
1024,8388608,9.0,9.825346571132325e-14,LZ4Frame,8027186,0.9569151401519775,0.007299583
1024,8388608,9.0,9.825346571132325e-14,Xz,3800024,0.45299816131591797,1.197131125
1024,8388608,9.0,9.825346571132325e-14,Zlib,6131148,0.7308897972106934,0.170076875
1024,8388608,9.0,9.825346571132325e-14,Zstd,6884282,0.8206703662872314,0.025362833
1024,8388608,9.5,2.883012038554263e-14,Bzip2,6895655,0.8220261335372925,0.568816833
1024,8388608,9.5,2.883012038554263e-14,LZ4Fast,8145916,0.9710688591003418,0.008179584
1024,8388608,9.5,2.883012038554263e-14,LZ4Frame,8027799,0.9569882154464722,0.006013833
1024,8388608,9.5,2.883012038554263e-14,Xz,3766304,0.4489784240722656,1.257140709
1024,8388608,9.5,2.883012038554263e-14,Zlib,6131471,0.7309283018112183,0.171293042
1024,8388608,9.5,2.883012038554263e-14,Zstd,6877395,0.8198493719100952,0.025332542
1024,8388608,10.0,8.459199101599162e-15,Bzip2,6906733,0.823346734046936,0.568403958
1024,8388608,10.0,8.459199101599162e-15,LZ4Fast,8149733,0.9715238809585571,0.008232459
1024,8388608,10.0,8.459199101599162e-15,LZ4Frame,8032934,0.9576003551483154,0.006171833
1024,8388608,10.0,8.459199101599162e-15,Xz,3772480,0.44971466064453125,1.212816166
1024,8388608,10.0,8.459199101599162e-15,Zlib,6142712,0.7322683334350586,0.17043075
1024,8388608,10.0,8.459199101599162e-15,Zstd,6895617,0.8220216035842896,0.027163583
