n,size,sparsity,compression,compressed_size,ratio,time
16,2048,0.05,Bzip2,246,0.1201171875,8.2042e-5
16,2048,0.05,LZ4Fast,244,0.119140625,6.5e-6
16,2048,0.05,LZ4Frame,245,0.11962890625,1.3459e-5
16,2048,0.05,Xz,260,0.126953125,0.000324125
16,2048,0.05,Zlib,196,0.095703125,3.9125e-5
16,2048,0.05,Zstd,207,0.10107421875,6.9041e-5
16,2048,0.1,Bzip2,443,0.21630859375,0.000124125
16,2048,0.1,LZ4Fast,404,0.197265625,2.75e-6
16,2048,0.1,LZ4Frame,405,0.19775390625,2.75e-6
16,2048,0.1,Xz,400,0.1953125,0.000358959
16,2048,0.1,Zlib,335,0.16357421875,3.4833e-5
16,2048,0.1,Zstd,347,0.16943359375,1.6542e-5
16,2048,0.15,Bzip2,481,0.23486328125,0.00938925
16,2048,0.15,LZ4Fast,465,0.22705078125,5.292e-6
16,2048,0.15,LZ4Frame,464,0.2265625,5.166e-6
16,2048,0.15,Xz,440,0.21484375,0.000423958
16,2048,0.15,Zlib,378,0.1845703125,4.0417e-5
16,2048,0.15,Zstd,385,0.18798828125,7.975e-5
16,2048,0.2,Bzip2,613,0.29931640625,0.000145583
16,2048,0.2,LZ4Fast,615,0.30029296875,2.959e-6
16,2048,0.2,LZ4Frame,616,0.30078125,2.583e-6
16,2048,0.2,Xz,580,0.283203125,0.000442708
16,2048,0.2,Zlib,518,0.2529296875,4.2292e-5
16,2048,0.2,Zstd,532,0.259765625,1.7916e-5
16,2048,0.25,Bzip2,872,0.42578125,0.000212958
16,2048,0.25,LZ4Fast,836,0.408203125,3.208e-6
16,2048,0.25,LZ4Frame,833,0.40673828125,3.417e-6
16,2048,0.25,Xz,776,0.37890625,0.000432084
16,2048,0.25,Zlib,735,0.35888671875,4.8708e-5
16,2048,0.25,Zstd,727,0.35498046875,8.025e-5
16,2048,0.3,Bzip2,904,0.44140625,0.000217459
16,2048,0.3,LZ4Fast,882,0.4306640625,3.084e-6
16,2048,0.3,LZ4Frame,878,0.4287109375,4.5e-6
16,2048,0.3,Xz,808,0.39453125,0.000459167
16,2048,0.3,Zlib,761,0.37158203125,5.4084e-5
16,2048,0.3,Zstd,754,0.3681640625,1.7333e-5
16,2048,0.35,Bzip2,981,0.47900390625,0.00236175
16,2048,0.35,LZ4Fast,917,0.44775390625,3.834e-6
16,2048,0.35,LZ4Frame,923,0.45068359375,3.333e-6
16,2048,0.35,Xz,872,0.42578125,0.00047825
16,2048,0.35,Zlib,824,0.40234375,5.1333e-5
16,2048,0.35,Zstd,825,0.40283203125,5.1917e-5
16,2048,0.4,Bzip2,995,0.48583984375,0.000231916
16,2048,0.4,LZ4Fast,933,0.45556640625,3.166e-6
16,2048,0.4,LZ4Frame,940,0.458984375,8.291e-6
16,2048,0.4,Xz,872,0.42578125,0.000448291
16,2048,0.4,Zlib,833,0.40673828125,5.0583e-5
16,2048,0.4,Zstd,827,0.40380859375,9.6167e-5
16,2048,0.45,Bzip2,1305,0.63720703125,0.000268958
16,2048,0.45,LZ4Fast,1204,0.587890625,3.458e-6
16,2048,0.45,LZ4Frame,1205,0.58837890625,2.917e-6
16,2048,0.45,Xz,1132,0.552734375,0.000412792
16,2048,0.45,Zlib,1108,0.541015625,5.9958e-5
16,2048,0.45,Zstd,1079,0.52685546875,1.8291e-5
16,2048,0.5,Bzip2,1326,0.6474609375,0.00027825
16,2048,0.5,LZ4Fast,1236,0.603515625,3.333e-6
16,2048,0.5,LZ4Frame,1241,0.60595703125,4.958e-6
16,2048,0.5,Xz,1172,0.572265625,0.000402875
16,2048,0.5,Zlib,1142,0.5576171875,6.1416e-5
16,2048,0.5,Zstd,1124,0.548828125,1.7041e-5
16,2048,0.55,Bzip2,1379,0.67333984375,0.000486584
16,2048,0.55,LZ4Fast,1243,0.60693359375,3.334e-6
16,2048,0.55,LZ4Frame,1248,0.609375,2.75e-6
16,2048,0.55,Xz,1184,0.578125,0.000404625
16,2048,0.55,Zlib,1158,0.5654296875,5.6666e-5
16,2048,0.55,Zstd,1139,0.55615234375,4.175e-5
16,2048,0.6,Bzip2,1687,0.82373046875,0.000347042
16,2048,0.6,LZ4Fast,1467,0.71630859375,4.542e-6
16,2048,0.6,LZ4Frame,1473,0.71923828125,3.875e-6
16,2048,0.6,Xz,1400,0.68359375,0.000360125
16,2048,0.6,Zlib,1367,0.66748046875,5.6292e-5
16,2048,0.6,Zstd,1360,0.6640625,7.1125e-5
16,2048,0.65,Bzip2,1579,0.77099609375,0.000529167
16,2048,0.65,LZ4Fast,1399,0.68310546875,3.333e-6
16,2048,0.65,LZ4Frame,1405,0.68603515625,2.792e-6
16,2048,0.65,Xz,1336,0.65234375,0.000374291
16,2048,0.65,Zlib,1302,0.6357421875,5.6459e-5
16,2048,0.65,Zstd,1291,0.63037109375,5.5667e-5
16,2048,0.7,Bzip2,1931,0.94287109375,0.000520791
16,2048,0.7,LZ4Fast,1675,0.81787109375,3.541e-6
16,2048,0.7,LZ4Frame,1681,0.82080078125,2.917e-6
16,2048,0.7,Xz,1620,0.791015625,0.000340666
16,2048,0.7,Zlib,1583,0.77294921875,6.4334e-5
16,2048,0.7,Zstd,1604,0.783203125,1.8542e-5
16,2048,0.75,Bzip2,1936,0.9453125,0.000511083
16,2048,0.75,LZ4Fast,1689,0.82470703125,3.417e-6
16,2048,0.75,LZ4Frame,1694,0.8271484375,2.875e-6
16,2048,0.75,Xz,1636,0.798828125,0.00033725
16,2048,0.75,Zlib,1608,0.78515625,5.7167e-5
16,2048,0.75,Zstd,1621,0.79150390625,5.3042e-5
16,2048,0.8,Bzip2,1985,0.96923828125,0.000526041
16,2048,0.8,LZ4Fast,1724,0.841796875,3.333e-6
16,2048,0.8,LZ4Frame,1731,0.84521484375,2.958e-6
16,2048,0.8,Xz,1676,0.818359375,0.000324625
16,2048,0.8,Zlib,1645,0.80322265625,5.9917e-5
16,2048,0.8,Zstd,1663,0.81201171875,6.6458e-5
16,2048,0.85,Bzip2,2154,1.0517578125,0.00051975
16,2048,0.85,LZ4Fast,1868,0.912109375,3.166e-6
16,2048,0.85,LZ4Frame,1874,0.9150390625,2.958e-6
16,2048,0.85,Xz,1828,0.892578125,0.000301709
16,2048,0.85,Zlib,1789,0.87353515625,5.3666e-5
16,2048,0.85,Zstd,1827,0.89208984375,6.0375e-5
16,2048,0.9,Bzip2,2218,1.0830078125,0.00053475
16,2048,0.9,LZ4Fast,1922,0.9384765625,3.0e-6
16,2048,0.9,LZ4Frame,1924,0.939453125,2.583e-6
16,2048,0.9,Xz,1892,0.923828125,0.00029475
16,2048,0.9,Zlib,1842,0.8994140625,5.4667e-5
16,2048,0.9,Zstd,1853,0.90478515625,4.6e-5
16,2048,0.95,Bzip2,2342,1.1435546875,0.000524583
16,2048,0.95,LZ4Fast,2010,0.9814453125,2.5e-6
16,2048,0.95,LZ4Frame,2015,0.98388671875,2.209e-6
16,2048,0.95,Xz,1996,0.974609375,0.000288208
16,2048,0.95,Zlib,1947,0.95068359375,5.0458e-5
16,2048,0.95,Zstd,1952,0.953125,4.825e-5
16,2048,1.0,Bzip2,2403,1.17333984375,0.000545125
16,2048,1.0,LZ4Fast,2066,1.0087890625,1.75e-6
16,2048,1.0,LZ4Frame,2063,1.00732421875,1.5e-6
16,2048,1.0,Xz,2056,1.00390625,0.000285167
16,2048,1.0,Zlib,2015,0.98388671875,4.9458e-5
16,2048,1.0,Zstd,2011,0.98193359375,3.7375e-5
32,8192,0.05,Bzip2,716,0.08740234375,0.000346125
32,8192,0.05,LZ4Fast,802,0.097900390625,5.541e-6
32,8192,0.05,LZ4Frame,718,0.087646484375,3.125e-6
32,8192,0.05,Xz,672,0.08203125,0.000640333
32,8192,0.05,Zlib,614,0.074951171875,7.0166e-5
32,8192,0.05,Zstd,608,0.07421875,3.9459e-5
32,8192,0.1,Bzip2,1120,0.13671875,0.000422667
32,8192,0.1,LZ4Fast,1209,0.1475830078125,5.375e-6
32,8192,0.1,LZ4Frame,1128,0.1376953125,4.041e-6
32,8192,0.1,Xz,988,0.12060546875,0.000881125
32,8192,0.1,Zlib,950,0.115966796875,8.2458e-5
32,8192,0.1,Zstd,939,0.1146240234375,4.1167e-5
32,8192,0.15,Bzip2,1649,0.2012939453125,0.000511708
32,8192,0.15,LZ4Fast,1833,0.2237548828125,6.916e-6
32,8192,0.15,LZ4Frame,1741,0.2125244140625,5.333e-6
32,8192,0.15,Xz,1516,0.18505859375,0.001167209
32,8192,0.15,Zlib,1484,0.18115234375,8.8875e-5
32,8192,0.15,Zstd,1481,0.1807861328125,4.4792e-5
32,8192,0.2,Bzip2,2105,0.2569580078125,0.000580833
32,8192,0.2,LZ4Fast,2334,0.284912109375,8.667e-6
32,8192,0.2,LZ4Frame,2232,0.2724609375,6.458e-6
32,8192,0.2,Xz,1940,0.23681640625,0.00133725
32,8192,0.2,Zlib,1946,0.237548828125,0.000119417
32,8192,0.2,Zstd,1904,0.232421875,5.2042e-5
32,8192,0.25,Bzip2,2498,0.304931640625,0.000635041
32,8192,0.25,LZ4Fast,2798,0.341552734375,1.0167e-5
32,8192,0.25,LZ4Frame,2708,0.33056640625,7.375e-6
32,8192,0.25,Xz,2344,0.2861328125,0.001445375
32,8192,0.25,Zlib,2337,0.2852783203125,0.000107708
32,8192,0.25,Zstd,2338,0.285400390625,5.0958e-5
32,8192,0.3,Bzip2,3040,0.37109375,0.000701166
32,8192,0.3,LZ4Fast,3304,0.4033203125,1.1833e-5
32,8192,0.3,LZ4Frame,3214,0.392333984375,8.459e-6
32,8192,0.3,Xz,2784,0.33984375,0.001389541
32,8192,0.3,Zlib,2798,0.341552734375,0.000123708
32,8192,0.3,Zstd,2781,0.3394775390625,6.6166e-5
32,8192,0.35,Bzip2,3513,0.4288330078125,0.000741
32,8192,0.35,LZ4Fast,3858,0.470947265625,1.3458e-5
32,8192,0.35,LZ4Frame,3748,0.45751953125,9.25e-6
32,8192,0.35,Xz,3280,0.400390625,0.001332875
32,8192,0.35,Zlib,3284,0.40087890625,0.000130375
32,8192,0.35,Zstd,3293,0.4019775390625,5.9209e-5
32,8192,0.4,Bzip2,3662,0.447021484375,0.000790542
32,8192,0.4,LZ4Fast,3992,0.4873046875,1.4e-5
32,8192,0.4,LZ4Frame,3868,0.47216796875,9.542e-6
32,8192,0.4,Xz,3388,0.41357421875,0.001383333
32,8192,0.4,Zlib,3409,0.4161376953125,0.000127959
32,8192,0.4,Zstd,3416,0.4169921875,5.2334e-5
32,8192,0.45,Bzip2,4250,0.518798828125,0.00084175
32,8192,0.45,LZ4Fast,4595,0.5609130859375,1.5625e-5
32,8192,0.45,LZ4Frame,4456,0.5439453125,9.833e-6
32,8192,0.45,Xz,3968,0.484375,0.001267208
32,8192,0.45,Zlib,3968,0.484375,0.000136208
32,8192,0.45,Zstd,4002,0.488525390625,5.3708e-5
32,8192,0.5,Bzip2,4742,0.578857421875,0.000878042
32,8192,0.5,LZ4Fast,5109,0.6236572265625,1.675e-5
32,8192,0.5,LZ4Frame,4991,0.6092529296875,9.958e-6
32,8192,0.5,Xz,4444,0.54248046875,0.001175833
32,8192,0.5,Zlib,4462,0.544677734375,0.0001405
32,8192,0.5,Zstd,4507,0.5501708984375,6.7791e-5
32,8192,0.55,Bzip2,5022,0.613037109375,0.000896167
32,8192,0.55,LZ4Fast,5409,0.6602783203125,1.7167e-5
32,8192,0.55,LZ4Frame,5295,0.6463623046875,1.0083e-5
32,8192,0.55,Xz,4756,0.58056640625,0.001133792
32,8192,0.55,Zlib,4765,0.5816650390625,0.00013875
32,8192,0.55,Zstd,4816,0.587890625,6.6375e-5
32,8192,0.6,Bzip2,5545,0.6768798828125,0.000948375
32,8192,0.6,LZ4Fast,5824,0.7109375,1.8042e-5
32,8192,0.6,LZ4Frame,5747,0.7015380859375,9.917e-6
32,8192,0.6,Xz,5232,0.638671875,0.001033041
32,8192,0.6,Zlib,5226,0.637939453125,0.000139959
32,8192,0.6,Zstd,5233,0.6387939453125,5.7667e-5
32,8192,0.65,Bzip2,6076,0.74169921875,0.00101
32,8192,0.65,LZ4Fast,6332,0.77294921875,1.9084e-5
32,8192,0.65,LZ4Frame,6253,0.7633056640625,9.625e-6
32,8192,0.65,Xz,5712,0.697265625,0.000934625
32,8192,0.65,Zlib,5725,0.6988525390625,0.000133459
32,8192,0.65,Zstd,5734,0.699951171875,7.075e-5
32,8192,0.7,Bzip2,6465,0.7891845703125,0.001026792
32,8192,0.7,LZ4Fast,6683,0.8157958984375,1.9459e-5
32,8192,0.7,LZ4Frame,6623,0.8084716796875,9.5e-6
32,8192,0.7,Xz,6120,0.7470703125,0.000873542
32,8192,0.7,Zlib,6124,0.74755859375,0.0001375
32,8192,0.7,Zstd,6111,0.7459716796875,6.2208e-5
32,8192,0.75,Bzip2,6851,0.8363037109375,0.001069708
32,8192,0.75,LZ4Fast,6988,0.85302734375,2.0208e-5
32,8192,0.75,LZ4Frame,6904,0.8427734375,9.167e-6
32,8192,0.75,Xz,6412,0.78271484375,0.000856542
32,8192,0.75,Zlib,6427,0.7845458984375,0.000136667
32,8192,0.75,Zstd,6424,0.7841796875,5.9917e-5
32,8192,0.8,Bzip2,7150,0.872802734375,0.001105375
32,8192,0.8,LZ4Fast,7216,0.880859375,1.8917e-5
32,8192,0.8,LZ4Frame,7156,0.87353515625,8.667e-6
32,8192,0.8,Xz,6676,0.81494140625,0.000809708
32,8192,0.8,Zlib,6674,0.814697265625,0.000132375
32,8192,0.8,Zstd,6673,0.8145751953125,5.7458e-5
32,8192,0.85,Bzip2,7337,0.8956298828125,0.001145917
32,8192,0.85,LZ4Fast,7381,0.9010009765625,1.9458e-5
32,8192,0.85,LZ4Frame,7339,0.8958740234375,8.292e-6
32,8192,0.85,Xz,6888,0.8408203125,0.000767
32,8192,0.85,Zlib,6883,0.8402099609375,0.000128917
32,8192,0.85,Zstd,6890,0.841064453125,6.5583e-5
32,8192,0.9,Bzip2,7837,0.9566650390625,0.001129
32,8192,0.9,LZ4Fast,7770,0.948486328125,1.7667e-5
32,8192,0.9,LZ4Frame,7731,0.9437255859375,7.375e-6
32,8192,0.9,Xz,7300,0.89111328125,0.00073175
32,8192,0.9,Zlib,7301,0.8912353515625,0.000126584
32,8192,0.9,Zstd,7305,0.8917236328125,6.6333e-5
32,8192,0.95,Bzip2,8201,1.0010986328125,0.001143541
32,8192,0.95,LZ4Fast,8051,0.9827880859375,1.375e-5
32,8192,0.95,LZ4Frame,8014,0.978271484375,5.916e-6
32,8192,0.95,Xz,7632,0.931640625,0.000710375
32,8192,0.95,Zlib,7623,0.9305419921875,0.000113958
32,8192,0.95,Zstd,7641,0.9327392578125,6.5458e-5
32,8192,1.0,Bzip2,8504,1.0380859375,0.001179125
32,8192,1.0,LZ4Fast,8264,1.0087890625,6.208e-6
32,8192,1.0,LZ4Frame,8207,1.0018310546875,2.167e-6
32,8192,1.0,Xz,7888,0.962890625,0.000692667
32,8192,1.0,Zlib,7894,0.963623046875,0.000108084
32,8192,1.0,Zstd,7881,0.9620361328125,5.1541e-5
64,32768,0.05,Bzip2,2281,0.069610595703125,0.000752042
64,32768,0.05,LZ4Fast,3031,0.092498779296875,1.5375e-5
64,32768,0.05,LZ4Frame,2562,0.07818603515625,8.958e-6
64,32768,0.05,Xz,2180,0.0665283203125,0.002094
64,32768,0.05,Zlib,2211,0.067474365234375,0.00019
64,32768,0.05,Zstd,2152,0.065673828125,5.875e-5
64,32768,0.1,Bzip2,3694,0.11273193359375,0.0009465
64,32768,0.1,LZ4Fast,4867,0.148529052734375,1.8042e-5
64,32768,0.1,LZ4Frame,4346,0.13262939453125,1.325e-5
64,32768,0.1,Xz,3592,0.109619140625,0.003328166
64,32768,0.1,Zlib,3669,0.111968994140625,0.000225958
64,32768,0.1,Zstd,3609,0.110137939453125,7.025e-5
64,32768,0.15,Bzip2,5845,0.178375244140625,0.001146584
64,32768,0.15,LZ4Fast,7641,0.233184814453125,2.575e-5
64,32768,0.15,LZ4Frame,6989,0.213287353515625,1.9417e-5
64,32768,0.15,Xz,5724,0.1746826171875,0.004601916
64,32768,0.15,Zlib,5913,0.180450439453125,0.000273958
64,32768,0.15,Zstd,5910,0.18035888671875,8.2875e-5
64,32768,0.2,Bzip2,7457,0.227569580078125,0.001349625
64,32768,0.2,LZ4Fast,9554,0.29156494140625,3.2167e-5
64,32768,0.2,LZ4Frame,8917,0.272125244140625,2.4166e-5
64,32768,0.2,Xz,7396,0.2257080078125,0.005156042
64,32768,0.2,Zlib,7635,0.233001708984375,0.00031275
64,32768,0.2,Zstd,7614,0.23236083984375,8.5042e-5
64,32768,0.25,Bzip2,9185,0.280303955078125,0.001489916
64,32768,0.25,LZ4Fast,11653,0.355621337890625,3.9667e-5
64,32768,0.25,LZ4Frame,10938,0.33380126953125,2.8083e-5
64,32768,0.25,Xz,9104,0.27783203125,0.005419291
64,32768,0.25,Zlib,9422,0.28753662109375,0.000361584
64,32768,0.25,Zstd,9426,0.28765869140625,9.3625e-5
64,32768,0.3,Bzip2,10686,0.32611083984375,0.001635292
64,32768,0.3,LZ4Fast,13441,0.410186767578125,4.6375e-5
64,32768,0.3,LZ4Frame,12713,0.387969970703125,3.1833e-5
64,32768,0.3,Xz,10656,0.3251953125,0.005609375
64,32768,0.3,Zlib,11026,0.33648681640625,0.0003815
64,32768,0.3,Zstd,11045,0.337066650390625,9.9375e-5
64,32768,0.35,Bzip2,12224,0.373046875,0.001670417
64,32768,0.35,LZ4Fast,14995,0.457611083984375,5.2542e-5
64,32768,0.35,LZ4Frame,14329,0.437286376953125,3.3916e-5
64,32768,0.35,Xz,12160,0.37109375,0.005382875
64,32768,0.35,Zlib,12508,0.3817138671875,0.000411667
64,32768,0.35,Zstd,12570,0.38360595703125,0.000108708
64,32768,0.4,Bzip2,14187,0.432952880859375,0.001789
64,32768,0.4,LZ4Fast,17204,0.5250244140625,5.9375e-5
64,32768,0.4,LZ4Frame,16438,0.50164794921875,3.6792e-5
64,32768,0.4,Xz,14060,0.4290771484375,0.005146542
64,32768,0.4,Zlib,14478,0.44183349609375,0.000456583
64,32768,0.4,Zstd,14557,0.444244384765625,0.000115958
64,32768,0.45,Bzip2,15315,0.467376708984375,0.001877833
64,32768,0.45,LZ4Fast,18346,0.55987548828125,6.35e-5
64,32768,0.45,LZ4Frame,17633,0.538116455078125,3.6583e-5
64,32768,0.45,Xz,15284,0.4664306640625,0.004986708
64,32768,0.45,Zlib,15646,0.47747802734375,0.000461708
64,32768,0.45,Zstd,15715,0.479583740234375,0.000133084
64,32768,0.5,Bzip2,17442,0.53228759765625,0.001995166
64,32768,0.5,LZ4Fast,20487,0.625213623046875,6.9583e-5
64,32768,0.5,LZ4Frame,19833,0.605255126953125,3.6666e-5
64,32768,0.5,Xz,17300,0.5279541015625,0.004532416
64,32768,0.5,Zlib,17718,0.54071044921875,0.000492375
64,32768,0.5,Zstd,17666,0.53912353515625,0.00014575
64,32768,0.55,Bzip2,18848,0.5751953125,0.002074708
64,32768,0.55,LZ4Fast,21814,0.66571044921875,7.3208e-5
64,32768,0.55,LZ4Frame,21178,0.64630126953125,3.675e-5
64,32768,0.55,Xz,18640,0.56884765625,0.004288083
64,32768,0.55,Zlib,19128,0.583740234375,0.00055275
64,32768,0.55,Zstd,18965,0.578765869140625,0.000136458
64,32768,0.6,Bzip2,20078,0.61273193359375,0.002202792
64,32768,0.6,LZ4Fast,22991,0.701629638671875,7.6916e-5
64,32768,0.6,LZ4Frame,22412,0.6839599609375,3.6458e-5
64,32768,0.6,Xz,19812,0.6046142578125,0.004088334
64,32768,0.6,Zlib,20269,0.618560791015625,0.000566833
64,32768,0.6,Zstd,20168,0.615478515625,0.000143958
64,32768,0.65,Bzip2,22147,0.675872802734375,0.002280083
64,32768,0.65,LZ4Fast,24863,0.758758544921875,7.975e-5
64,32768,0.65,LZ4Frame,24334,0.74261474609375,3.5916e-5
64,32768,0.65,Xz,21684,0.6617431640625,0.003657166
64,32768,0.65,Zlib,22241,0.678741455078125,0.000572417
64,32768,0.65,Zstd,22125,0.675201416015625,0.000155792
64,32768,0.7,Bzip2,23507,0.717376708984375,0.002361167
64,32768,0.7,LZ4Fast,26140,0.7977294921875,8.2334e-5
64,32768,0.7,LZ4Frame,25640,0.782470703125,3.5041e-5
64,32768,0.7,Xz,23112,0.705322265625,0.003483583
64,32768,0.7,Zlib,23562,0.71905517578125,0.000581458
64,32768,0.7,Zstd,23491,0.716888427734375,0.000157375
64,32768,0.75,Bzip2,24742,0.75506591796875,0.002427417
64,32768,0.75,LZ4Fast,27134,0.82806396484375,9.6125e-5
64,32768,0.75,LZ4Frame,26692,0.8145751953125,3.3584e-5
64,32768,0.75,Xz,24216,0.739013671875,0.003238042
64,32768,0.75,Zlib,24669,0.752838134765625,0.000589792
64,32768,0.75,Zstd,24600,0.750732421875,0.000133416
64,32768,0.8,Bzip2,26704,0.81494140625,0.002569667
64,32768,0.8,LZ4Fast,28776,0.878173828125,8.6375e-5
64,32768,0.8,LZ4Frame,28378,0.86602783203125,3.1542e-5
64,32768,0.8,Xz,25952,0.7919921875,0.002993083
64,32768,0.8,Zlib,26439,0.806854248046875,0.000608791
64,32768,0.8,Zstd,26395,0.805511474609375,0.000173875
64,32768,0.85,Bzip2,27932,0.8524169921875,0.002599458
64,32768,0.85,LZ4Fast,29745,0.907745361328125,8.1042e-5
64,32768,0.85,LZ4Frame,29433,0.898223876953125,2.9875e-5
64,32768,0.85,Xz,27128,0.827880859375,0.00290825
64,32768,0.85,Zlib,27583,0.841766357421875,0.000607042
64,32768,0.85,Zstd,27541,0.840484619140625,0.000145875
64,32768,0.9,Bzip2,29460,0.8990478515625,0.002684417
64,32768,0.9,LZ4Fast,30893,0.942779541015625,7.3042e-5
64,32768,0.9,LZ4Frame,30623,0.934539794921875,2.6584e-5
64,32768,0.9,Xz,28444,0.8680419921875,0.00276675
64,32768,0.9,Zlib,28855,0.880584716796875,0.000606625
64,32768,0.9,Zstd,28805,0.879058837890625,0.000187666
64,32768,0.95,Bzip2,31069,0.948150634765625,0.002748458
64,32768,0.95,LZ4Fast,32114,0.98004150390625,5.8125e-5
64,32768,0.95,LZ4Frame,31944,0.974853515625,2.1375e-5
64,32768,0.95,Xz,29892,0.9122314453125,0.002558334
64,32768,0.95,Zlib,30328,0.925537109375,0.00060875
64,32768,0.95,Zstd,30286,0.92425537109375,0.000146208
64,32768,1.0,Bzip2,32421,0.989410400390625,0.002873542
64,32768,1.0,LZ4Fast,33056,1.0087890625,2.3417e-5
64,32768,1.0,LZ4Frame,32783,1.000457763671875,3.875e-6
64,32768,1.0,Xz,31108,0.9493408203125,0.002459708
64,32768,1.0,Zlib,31476,0.9605712890625,0.000590167
64,32768,1.0,Zstd,31421,0.958892822265625,6.9375e-5
128,131072,0.05,Bzip2,7644,0.058319091796875,0.001923208
128,131072,0.05,LZ4Fast,11785,0.08991241455078125,4.9916e-5
128,131072,0.05,LZ4Frame,9651,0.07363128662109375,3.9042e-5
128,131072,0.05,Xz,7832,0.05975341796875,0.008460584
128,131072,0.05,Zlib,8230,0.0627899169921875,0.000698958
128,131072,0.05,Zstd,8242,0.0628814697265625,0.0001215
128,131072,0.1,Bzip2,15582,0.1188812255859375,0.002426
128,131072,0.1,LZ4Fast,22632,0.17266845703125,7.4583e-5
128,131072,0.1,LZ4Frame,20138,0.1536407470703125,6.3959e-5
128,131072,0.1,Xz,16000,0.1220703125,0.015324959
128,131072,0.1,Zlib,17058,0.1301422119140625,0.000914834
128,131072,0.1,Zstd,17063,0.13018035888671875,0.000172375
128,131072,0.15,Bzip2,21128,0.16119384765625,0.002831333
128,131072,0.15,LZ4Fast,29897,0.22809600830078125,9.5667e-5
128,131072,0.15,LZ4Frame,27051,0.20638275146484375,7.85e-5
128,131072,0.15,Xz,21836,0.166595458984375,0.018609416
128,131072,0.15,Zlib,23132,0.176483154296875,0.001119166
128,131072,0.15,Zstd,23051,0.17586517333984375,0.000209375
128,131072,0.2,Bzip2,27596,0.210540771484375,0.00321275
128,131072,0.2,LZ4Fast,37982,0.2897796630859375,0.000122167
128,131072,0.2,LZ4Frame,35128,0.26800537109375,9.6375e-5
128,131072,0.2,Xz,28340,0.216217041015625,0.021477625
128,131072,0.2,Zlib,29922,0.2282867431640625,0.00128675
128,131072,0.2,Zstd,29829,0.22757720947265625,0.00025775
128,131072,0.25,Bzip2,34135,0.26042938232421875,0.003678208
128,131072,0.25,LZ4Fast,45593,0.34784698486328125,0.000150625
128,131072,0.25,LZ4Frame,42559,0.32469940185546875,0.000110417
128,131072,0.25,Xz,34804,0.265533447265625,0.022185125
128,131072,0.25,Zlib,36620,0.279388427734375,0.001479958
128,131072,0.25,Zstd,36575,0.27904510498046875,0.000311416
128,131072,0.3,Bzip2,41354,0.3155059814453125,0.0041815
128,131072,0.3,LZ4Fast,53970,0.4117584228515625,0.0001805
128,131072,0.3,LZ4Frame,50742,0.3871307373046875,0.000125167
128,131072,0.3,Xz,42076,0.321014404296875,0.022824291
128,131072,0.3,Zlib,44043,0.33602142333984375,0.001718625
128,131072,0.3,Zstd,44061,0.33615875244140625,0.000326292
128,131072,0.35,Bzip2,47879,0.36528778076171875,0.004562792
128,131072,0.35,LZ4Fast,61113,0.46625518798828125,0.000208125
128,131072,0.35,LZ4Frame,57974,0.4423065185546875,0.000134708
128,131072,0.35,Xz,48504,0.37005615234375,0.022619875
128,131072,0.35,Zlib,50649,0.38642120361328125,0.001908959
128,131072,0.35,Zstd,50756,0.387237548828125,0.000407167
128,131072,0.4,Bzip2,53520,0.4083251953125,0.004940916
128,131072,0.4,LZ4Fast,67228,0.512908935546875,0.000227667
128,131072,0.4,LZ4Frame,63999,0.48827362060546875,0.000138166
128,131072,0.4,Xz,54188,0.413421630859375,0.022095583
128,131072,0.4,Zlib,56253,0.42917633056640625,0.002034583
128,131072,0.4,Zstd,56411,0.43038177490234375,0.00041325
128,131072,0.45,Bzip2,60206,0.4593353271484375,0.005372667
128,131072,0.45,LZ4Fast,73784,0.56292724609375,0.00024775
128,131072,0.45,LZ4Frame,70760,0.53985595703125,0.000143417
128,131072,0.45,Xz,60212,0.459381103515625,0.02041275
128,131072,0.45,Zlib,62776,0.47894287109375,0.002244458
128,131072,0.45,Zstd,63145,0.48175811767578125,0.000489542
128,131072,0.5,Bzip2,65922,0.5029449462890625,0.005796792
128,131072,0.5,LZ4Fast,79586,0.6071929931640625,0.000273083
128,131072,0.5,LZ4Frame,76689,0.5850906372070312,0.000144667
128,131072,0.5,Xz,65708,0.501312255859375,0.019459042
128,131072,0.5,Zlib,68331,0.5213241577148438,0.002347583
128,131072,0.5,Zstd,67937,0.5183181762695312,0.000514292
128,131072,0.55,Bzip2,73494,0.5607147216796875,0.006123417
128,131072,0.55,LZ4Fast,86917,0.6631240844726562,0.000287375
128,131072,0.55,LZ4Frame,84088,0.64154052734375,0.000151042
128,131072,0.55,Xz,72692,0.554595947265625,0.017927291
128,131072,0.55,Zlib,75674,0.5773468017578125,0.002669375
128,131072,0.55,Zstd,75211,0.5738143920898438,0.000762375
128,131072,0.6,Bzip2,79308,0.605072021484375,0.00685175
128,131072,0.6,LZ4Fast,92236,0.703704833984375,0.000317083
128,131072,0.6,LZ4Frame,89774,0.6849212646484375,0.0001685
128,131072,0.6,Xz,78228,0.596832275390625,0.01801075
128,131072,0.6,Zlib,81224,0.61968994140625,0.002645459
128,131072,0.6,Zstd,80866,0.6169586181640625,0.000735583
128,131072,0.65,Bzip2,85994,0.6560821533203125,0.007022959
128,131072,0.65,LZ4Fast,98524,0.751678466796875,0.000326625
128,131072,0.65,LZ4Frame,96130,0.7334136962890625,0.000160666
128,131072,0.65,Xz,84752,0.6466064453125,0.015619875
128,131072,0.65,Zlib,87545,0.6679153442382812,0.002816958
128,131072,0.65,Zstd,87171,0.6650619506835938,0.00068975
128,131072,0.7,Bzip2,92594,0.7064361572265625,0.007445208
128,131072,0.7,LZ4Fast,104421,0.7966690063476562,0.000332167
128,131072,0.7,LZ4Frame,102215,0.7798385620117188,0.000154666
128,131072,0.7,Xz,90808,0.69281005859375,0.014517708
128,131072,0.7,Zlib,93767,0.7153854370117188,0.002885417
128,131072,0.7,Zstd,93440,0.712890625,0.000770375
128,131072,0.75,Bzip2,97459,0.7435531616210938,0.007664625
128,131072,0.75,LZ4Fast,108514,0.8278961181640625,0.000334792
128,131072,0.75,LZ4Frame,106579,0.8131332397460938,0.000137875
128,131072,0.75,Xz,95428,0.728057861328125,0.013575417
128,131072,0.75,Zlib,98379,0.7505722045898438,0.002922958
128,131072,0.75,Zstd,98068,0.748199462890625,0.000789875
128,131072,0.8,Bzip2,103455,0.7892990112304688,0.00824775
128,131072,0.8,LZ4Fast,113615,0.8668136596679688,0.000334125
128,131072,0.8,LZ4Frame,111844,0.853302001953125,0.000125167
128,131072,0.8,Xz,101556,0.774810791015625,0.012742167
128,131072,0.8,Zlib,103946,0.7930450439453125,0.003008209
128,131072,0.8,Zstd,103604,0.790435791015625,0.000809459
128,131072,0.85,Bzip2,110582,0.8436737060546875,0.008509583
128,131072,0.85,LZ4Fast,119270,0.9099578857421875,0.00033225
128,131072,0.85,LZ4Frame,117832,0.89898681640625,0.00011575
128,131072,0.85,Xz,107956,0.823638916015625,0.011782875
128,131072,0.85,Zlib,110357,0.8419570922851562,0.003168416
128,131072,0.85,Zstd,110106,0.8400421142578125,0.000826709
128,131072,0.9,Bzip2,117122,0.8935699462890625,0.008943792
128,131072,0.9,LZ4Fast,124219,0.9477157592773438,0.000293208
128,131072,0.9,LZ4Frame,123106,0.9392242431640625,0.000100875
128,131072,0.9,Xz,113784,0.86810302734375,0.010879917
128,131072,0.9,Zlib,116286,0.8871917724609375,0.003184292
128,131072,0.9,Zstd,115984,0.8848876953125,0.000864209
128,131072,0.95,Bzip2,122784,0.936767578125,0.009131042
128,131072,0.95,LZ4Fast,128513,0.9804763793945312,0.000226417
128,131072,0.95,LZ4Frame,127600,0.9735107421875,8.4334e-5
128,131072,0.95,Xz,119012,0.907989501953125,0.010422583
128,131072,0.95,Zlib,121220,0.924835205078125,0.003261
128,131072,0.95,Zstd,120957,0.9228286743164062,0.000820833
128,131072,1.0,Bzip2,128368,0.9793701171875,0.009563042
128,131072,1.0,LZ4Fast,132224,1.0087890625,9.0833e-5
128,131072,1.0,LZ4Frame,131091,1.0001449584960938,2.6875e-5
128,131072,1.0,Xz,124056,0.94647216796875,0.009821333
128,131072,1.0,Zlib,125912,0.96063232421875,0.003271375
128,131072,1.0,Zstd,125619,0.9583969116210938,0.000161292
256,524288,0.05,Bzip2,29120,0.0555419921875,0.005551167
256,524288,0.05,LZ4Fast,48090,0.09172439575195312,0.000192792
256,524288,0.05,LZ4Frame,39563,0.07546043395996094,0.00017925
256,524288,0.05,Xz,30796,0.05873870849609375,0.035692167
256,524288,0.05,Zlib,33601,0.06408882141113281,0.002889959
256,524288,0.05,Zstd,33712,0.064300537109375,0.000428958
256,524288,0.1,Bzip2,55488,0.1058349609375,0.007431042
256,524288,0.1,LZ4Fast,83997,0.16021156311035156,0.000269
256,524288,0.1,LZ4Frame,74104,0.1413421630859375,0.000272708
256,524288,0.1,Xz,57420,0.10951995849609375,0.059661334
256,524288,0.1,Zlib,62755,0.11969566345214844,0.003519542
256,524288,0.1,Zstd,63067,0.12029075622558594,0.000683458
256,524288,0.15,Bzip2,82535,0.1574230194091797,0.009171292
256,524288,0.15,LZ4Fast,119342,0.22762680053710938,0.000391292
256,524288,0.15,LZ4Frame,107914,0.20582962036132812,0.000346375
256,524288,0.15,Xz,84512,0.16119384765625,0.077989459
256,524288,0.15,Zlib,91715,0.17493247985839844,0.004371792
256,524288,0.15,Zstd,92006,0.17548751831054688,0.000922792
256,524288,0.2,Bzip2,109379,0.20862388610839844,0.011167334
256,524288,0.2,LZ4Fast,152735,0.2913188934326172,0.00048525
256,524288,0.2,LZ4Frame,140454,0.2678947448730469,0.000387834
256,524288,0.2,Xz,110340,0.21045684814453125,0.089587083
256,524288,0.2,Zlib,120037,0.22895240783691406,0.005153542
256,524288,0.2,Zstd,120432,0.229705810546875,0.001201416
256,524288,0.25,Bzip2,134589,0.25670814514160156,0.012676709
256,524288,0.25,LZ4Fast,182376,0.3478546142578125,0.000594375
256,524288,0.25,LZ4Frame,169723,0.32372093200683594,0.000448417
256,524288,0.25,Xz,134868,0.25724029541015625,0.09782175
256,524288,0.25,Zlib,145988,0.27845001220703125,0.0061185
256,524288,0.25,Zstd,146395,0.27922630310058594,0.001330375
256,524288,0.3,Bzip2,162613,0.31015968322753906,0.014562042
256,524288,0.3,LZ4Fast,214556,0.40923309326171875,0.000705792
256,524288,0.3,LZ4Frame,201712,0.384735107421875,0.000498584
256,524288,0.3,Xz,162976,0.31085205078125,0.098403959
256,524288,0.3,Zlib,174701,0.33321571350097656,0.0068455
256,524288,0.3,Zstd,175350,0.3344535827636719,0.001561708
256,524288,0.35,Bzip2,189477,0.36139869689941406,0.021324167
256,524288,0.35,LZ4Fast,243577,0.4645862579345703,0.000856375
256,524288,0.35,LZ4Frame,230697,0.4400196075439453,0.000549542
256,524288,0.35,Xz,189036,0.36055755615234375,0.152401792
256,524288,0.35,Zlib,201615,0.3845500946044922,0.007680625
256,524288,0.35,Zstd,202770,0.3867530822753906,0.001686583
256,524288,0.4,Bzip2,214379,0.40889549255371094,0.01814
256,524288,0.4,LZ4Fast,269953,0.5148944854736328,0.000924625
256,524288,0.4,LZ4Frame,257281,0.4907245635986328,0.000576334
256,524288,0.4,Xz,213556,0.40732574462890625,0.093377958
256,524288,0.4,Zlib,226260,0.43155670166015625,0.008458208
256,524288,0.4,Zstd,227698,0.4342994689941406,0.001896875
256,524288,0.45,Bzip2,240530,0.4587745666503906,0.020016
256,524288,0.45,LZ4Fast,296685,0.5658817291259766,0.001028125
256,524288,0.45,LZ4Frame,284282,0.5422248840332031,0.000638542
256,524288,0.45,Xz,239428,0.45667266845703125,0.089405333
256,524288,0.45,Zlib,251953,0.4805622100830078,0.00915225
256,524288,0.45,Zstd,254422,0.4852714538574219,0.002027125
256,524288,0.5,Bzip2,265057,0.5055561065673828,0.021741167
256,524288,0.5,LZ4Fast,321378,0.6129798889160156,0.001096959
256,524288,0.5,LZ4Frame,309424,0.590179443359375,0.000625208
256,524288,0.5,Xz,262856,0.5013580322265625,0.084377375
256,524288,0.5,Zlib,275885,0.5262088775634766,0.009947792
256,524288,0.5,Zstd,275004,0.5245285034179688,0.00215175
256,524288,0.55,Bzip2,291856,0.556671142578125,0.02354075
256,524288,0.55,LZ4Fast,347290,0.6624031066894531,0.00114425
256,524288,0.55,LZ4Frame,336202,0.6412544250488281,0.0006045
256,524288,0.55,Xz,287624,0.5485992431640625,0.078200584
256,524288,0.55,Zlib,301768,0.5755767822265625,0.010664959
256,524288,0.55,Zstd,300875,0.5738735198974609,0.002297875
256,524288,0.6,Bzip2,316461,0.6036014556884766,0.025272667
256,524288,0.6,LZ4Fast,370322,0.7063331604003906,0.001253875
256,524288,0.6,LZ4Frame,359771,0.6862087249755859,0.000632042
256,524288,0.6,Xz,312540,0.5961227416992188,0.075302625
256,524288,0.6,Zlib,325079,0.6200389862060547,0.011101208
256,524288,0.6,Zstd,324280,0.6185150146484375,0.002345125
256,524288,0.65,Bzip2,341611,0.6515712738037109,0.02709425
256,524288,0.65,LZ4Fast,393219,0.7500057220458984,0.0014025
256,524288,0.65,LZ4Frame,383568,0.731597900390625,0.001701584
256,524288,0.65,Xz,336048,0.640960693359375,0.0719995
256,524288,0.65,Zlib,349178,0.6660041809082031,0.011817042
256,524288,0.65,Zstd,348173,0.6640872955322266,0.002418042
256,524288,0.7,Bzip2,367719,0.7013683319091797,0.030038958
256,524288,0.7,LZ4Fast,416238,0.7939109802246094,0.001407166
256,524288,0.7,LZ4Frame,407299,0.7768611907958984,0.000604875
256,524288,0.7,Xz,360744,0.6880645751953125,0.068437833
256,524288,0.7,Zlib,373796,0.7129592895507812,0.012359916
256,524288,0.7,Zstd,372797,0.7110538482666016,0.002587
256,524288,0.75,Bzip2,392546,0.7487220764160156,0.0327905
256,524288,0.75,LZ4Fast,437554,0.8345680236816406,0.001406708
256,524288,0.75,LZ4Frame,429713,0.8196125030517578,0.000578541
256,524288,0.75,Xz,384840,0.7340240478515625,0.06098725
256,524288,0.75,Zlib,397137,0.7574787139892578,0.012192125
256,524288,0.75,Zstd,396015,0.7553386688232422,0.002467834
256,524288,0.8,Bzip2,417619,0.7965450286865234,0.032565875
256,524288,0.8,LZ4Fast,458350,0.8742332458496094,0.00134875
256,524288,0.8,LZ4Frame,451445,0.8610630035400391,0.000515167
256,524288,0.8,Xz,407896,0.7779998779296875,0.05339725
256,524288,0.8,Zlib,419964,0.8010177612304688,0.012626167
256,524288,0.8,Zstd,419006,0.7991905212402344,0.0025155
256,524288,0.85,Bzip2,441214,0.8415489196777344,0.033895417
256,524288,0.85,LZ4Fast,477263,0.9103069305419922,0.001310958
256,524288,0.85,LZ4Frame,471359,0.8990459442138672,0.000489042
256,524288,0.85,Xz,430336,0.82080078125,0.049092334
256,524288,0.85,Zlib,441596,0.8422775268554688,0.012945875
256,524288,0.85,Zstd,440508,0.8402023315429688,0.002501917
256,524288,0.9,Bzip2,465077,0.8870639801025391,0.035151542
256,524288,0.9,LZ4Fast,494995,0.9441280364990234,0.001189375
256,524288,0.9,LZ4Frame,490327,0.9352245330810547,0.00044525
256,524288,0.9,Xz,451904,0.8619384765625,0.046175625
256,524288,0.9,Zlib,462482,0.8821144104003906,0.013863125
256,524288,0.9,Zstd,461388,0.8800277709960938,0.0025245
256,524288,0.95,Bzip2,489729,0.9340839385986328,0.036596459
256,524288,0.95,LZ4Fast,513743,0.9798870086669922,0.000966542
256,524288,0.95,LZ4Frame,510282,0.9732856750488281,0.000664667
256,524288,0.95,Xz,474340,0.9047317504882812,0.042794208
256,524288,0.95,Zlib,484216,0.9235687255859375,0.013714625
256,524288,0.95,Zstd,483124,0.9214859008789062,0.002414833
256,524288,1.0,Bzip2,512138,0.9768257141113281,0.03811125
256,524288,1.0,LZ4Fast,528896,1.0087890625,0.000408709
256,524288,1.0,LZ4Frame,524331,1.000082015991211,0.000352542
256,524288,1.0,Xz,495684,0.9454421997070312,0.039439875
256,524288,1.0,Zlib,503715,0.9607601165771484,0.013909125
256,524288,1.0,Zstd,502547,0.9585323333740234,0.000539917
512,2097152,0.05,Bzip2,114033,0.05437517166137695,0.02026975
512,2097152,0.05,LZ4Fast,192126,0.0916128158569336,0.000741
512,2097152,0.05,LZ4Frame,157109,0.07491540908813477,0.005838791
512,2097152,0.05,Xz,121444,0.05790901184082031,0.150656959
512,2097152,0.05,Zlib,134206,0.0639944076538086,0.01137975
512,2097152,0.05,Zstd,135674,0.06469440460205078,0.052998375
512,2097152,0.1,Bzip2,222476,0.10608482360839844,0.02743375
512,2097152,0.1,LZ4Fast,339457,0.1618657112121582,0.001107875
512,2097152,0.1,LZ4Frame,298802,0.14247989654541016,0.001138541
512,2097152,0.1,Xz,230668,0.10999107360839844,0.25731175
512,2097152,0.1,Zlib,253435,0.12084722518920898,0.014160916
512,2097152,0.1,Zstd,256227,0.12217855453491211,0.002639
512,2097152,0.15,Bzip2,328085,0.15644311904907227,0.035477042
512,2097152,0.15,LZ4Fast,477377,0.2276310920715332,0.001517709
512,2097152,0.15,LZ4Frame,431440,0.20572662353515625,0.001342833
512,2097152,0.15,Xz,335024,0.15975189208984375,0.33664275
512,2097152,0.15,Zlib,366649,0.17483186721801758,0.018244458
512,2097152,0.15,Zstd,370231,0.17653989791870117,0.003524834
512,2097152,0.2,Bzip2,438233,0.20896577835083008,0.045004875
512,2097152,0.2,LZ4Fast,614361,0.2929501533508301,0.001942375
512,2097152,0.2,LZ4Frame,565269,0.26954126358032227,0.001604417
512,2097152,0.2,Xz,442676,0.21108436584472656,0.411913709
512,2097152,0.2,Zlib,482537,0.23009157180786133,0.020766167
512,2097152,0.2,Zstd,486908,0.2321758270263672,0.004137
512,2097152,0.25,Bzip2,544120,0.2594566345214844,0.050561667
512,2097152,0.25,LZ4Fast,738934,0.35235118865966797,0.0024395
512,2097152,0.25,LZ4Frame,687900,0.3280162811279297,0.001821667
512,2097152,0.25,Xz,545160,0.2599525451660156,0.4172815
512,2097152,0.25,Zlib,591657,0.28212404251098633,0.024048542
512,2097152,0.25,Zstd,596745,0.28455018997192383,0.004580833
512,2097152,0.3,Bzip2,648050,0.30901432037353516,0.058673666
512,2097152,0.3,LZ4Fast,856181,0.40825891494750977,0.002898542
512,2097152,0.3,LZ4Frame,803700,0.38323402404785156,0.002005
512,2097152,0.3,Xz,649288,0.3096046447753906,0.448811708
512,2097152,0.3,Zlib,696957,0.3323349952697754,0.029585958
512,2097152,0.3,Zstd,703017,0.33522462844848633,0.005548708
512,2097152,0.35,Bzip2,754956,0.35999107360839844,0.069692791
512,2097152,0.35,LZ4Fast,973241,0.4640774726867676,0.003250458
512,2097152,0.35,LZ4Frame,921418,0.43936634063720703,0.002150416
512,2097152,0.35,Xz,749380,0.3573322296142578,0.427303042
512,2097152,0.35,Zlib,804313,0.3835263252258301,0.030891708
512,2097152,0.35,Zstd,811506,0.38695621490478516,0.005430208
512,2097152,0.4,Bzip2,855463,0.4079165458679199,0.125487375
512,2097152,0.4,LZ4Fast,1079582,0.5147848129272461,0.003584
512,2097152,0.4,LZ4Frame,1028285,0.4903244972229004,0.002210542
512,2097152,0.4,Xz,847072,0.4039154052734375,0.4151105
512,2097152,0.4,Zlib,904031,0.4310755729675293,0.034204208
512,2097152,0.4,Zstd,913210,0.4354524612426758,0.00588325
512,2097152,0.45,Bzip2,957180,0.4564189910888672,0.080481083
512,2097152,0.45,LZ4Fast,1183327,0.5642542839050293,0.003983083
512,2097152,0.45,LZ4Frame,1133421,0.5404572486877441,0.003104292
512,2097152,0.45,Xz,945580,0.45088768005371094,0.399037166
512,2097152,0.45,Zlib,1003711,0.4786067008972168,0.036829834
512,2097152,0.45,Zstd,1014892,0.48393821716308594,0.006108417
512,2097152,0.5,Bzip2,1058220,0.5045986175537109,0.087279583
512,2097152,0.5,LZ4Fast,1284214,0.612360954284668,0.004290625
512,2097152,0.5,LZ4Frame,1236299,0.5895133018493652,0.002446209
512,2097152,0.5,Xz,1043360,0.4975128173828125,0.379009292
512,2097152,0.5,Zlib,1102103,0.5255236625671387,0.040364084
512,2097152,0.5,Zstd,1101717,0.5253396034240723,0.006451333
512,2097152,0.55,Bzip2,1162357,0.5542550086975098,0.095152209
512,2097152,0.55,LZ4Fast,1385309,0.6605668067932129,0.004587208
512,2097152,0.55,LZ4Frame,1339665,0.6388020515441895,0.002397
512,2097152,0.55,Xz,1146660,0.5467700958251953,0.362014166
512,2097152,0.55,Zlib,1202384,0.5733413696289062,0.041908834
512,2097152,0.55,Zstd,1201622,0.5729780197143555,0.006706625
512,2097152,0.6,Bzip2,1263536,0.6025009155273438,0.102773833
512,2097152,0.6,LZ4Fast,1479881,0.7056622505187988,0.005342917
512,2097152,0.6,LZ4Frame,1437838,0.6856145858764648,0.002479208
512,2097152,0.6,Xz,1243032,0.5927238464355469,0.347327375
512,2097152,0.6,Zlib,1299286,0.6195478439331055,0.095876792
512,2097152,0.6,Zstd,1297856,0.618865966796875,0.006819625
512,2097152,0.65,Bzip2,1365780,0.6512546539306641,0.109220458
512,2097152,0.65,LZ4Fast,1572502,0.7498273849487305,0.005107125
512,2097152,0.65,LZ4Frame,1533622,0.731287956237793,0.002354125
512,2097152,0.65,Xz,1339280,0.6386184692382812,0.313457167
512,2097152,0.65,Zlib,1396603,0.665952205657959,0.046847084
512,2097152,0.65,Zstd,1394460,0.6649303436279297,0.007096
512,2097152,0.7,Bzip2,1466419,0.6992430686950684,0.115717375
512,2097152,0.7,LZ4Fast,1662447,0.7927165031433105,0.005302
512,2097152,0.7,LZ4Frame,1626668,0.7756557464599609,0.00233825
512,2097152,0.7,Xz,1438064,0.6857223510742188,0.296612167
512,2097152,0.7,Zlib,1491654,0.7112760543823242,0.047388458
512,2097152,0.7,Zstd,1488994,0.7100076675415039,0.007312584
512,2097152,0.75,Bzip2,1564408,0.7459678649902344,0.123197916
512,2097152,0.75,LZ4Fast,1746848,0.8329620361328125,0.005791417
512,2097152,0.75,LZ4Frame,1714714,0.8176393508911133,0.002176333
512,2097152,0.75,Xz,1530452,0.7297763824462891,0.274918667
512,2097152,0.75,Zlib,1582859,0.7547659873962402,0.049443166
512,2097152,0.75,Zstd,1579528,0.7531776428222656,0.012390834
512,2097152,0.8,Bzip2,1668780,0.7957363128662109,0.129889875
512,2097152,0.8,LZ4Fast,1832542,0.8738241195678711,0.005370125
512,2097152,0.8,LZ4Frame,1804982,0.860682487487793,0.002116625
512,2097152,0.8,Xz,1629076,0.7768039703369141,0.254495
512,2097152,0.8,Zlib,1678828,0.8005275726318359,0.050629291
512,2097152,0.8,Zstd,1675259,0.798825740814209,0.007735917
512,2097152,0.85,Bzip2,1762618,0.8404817581176758,0.135909959
512,2097152,0.85,LZ4Fast,1907363,0.9095015525817871,0.005189792
512,2097152,0.85,LZ4Frame,1883784,0.8982582092285156,0.001926583
512,2097152,0.85,Xz,1717824,0.819122314453125,0.236079417
512,2097152,0.85,Zlib,1764802,0.8415231704711914,0.052209166
512,2097152,0.85,Zstd,1760805,0.8396172523498535,0.007767292
512,2097152,0.9,Bzip2,1862550,0.8881330490112305,0.141316625
512,2097152,0.9,LZ4Fast,1982621,0.9453873634338379,0.004744458
512,2097152,0.9,LZ4Frame,1963732,0.9363803863525391,0.0020845
512,2097152,0.9,Xz,1808744,0.8624763488769531,0.219183875
512,2097152,0.9,Zlib,1852582,0.8833799362182617,0.054874833
512,2097152,0.9,Zstd,1848099,0.8812422752380371,0.013214458
512,2097152,0.95,Bzip2,1962052,0.9355792999267578,0.201119959
512,2097152,0.95,LZ4Fast,2057152,0.980926513671875,0.003688792
512,2097152,0.95,LZ4Frame,2042833,0.9740986824035645,0.001424333
512,2097152,0.95,Xz,1898076,0.9050731658935547,0.203184042
512,2097152,0.95,Zlib,1939969,0.9250493049621582,0.056911375
512,2097152,0.95,Zstd,1935507,0.9229216575622559,0.007489833
512,2097152,1.0,Bzip2,2048597,0.9768471717834473,0.153962917
512,2097152,1.0,LZ4Fast,2115584,1.0087890625,0.001546375
512,2097152,1.0,LZ4Frame,2097291,1.0000662803649902,0.000670333
512,2097152,1.0,Xz,1982252,0.9452114105224609,0.187180125
512,2097152,1.0,Zlib,2014823,0.9607424736022949,0.056232041
512,2097152,1.0,Zstd,2010017,0.9584507942199707,0.001969917
1024,8388608,0.05,Bzip2,457591,0.05454909801483154,0.084426458
1024,8388608,0.05,LZ4Fast,770528,0.09185409545898438,0.002858583
1024,8388608,0.05,LZ4Frame,631752,0.07531070709228516,0.05395
1024,8388608,0.05,Xz,489220,0.0583195686340332,0.65325475
1024,8388608,0.05,Zlib,539368,0.06429767608642578,0.04547975
1024,8388608,0.05,Zstd,548125,0.06534159183502197,0.007989958
1024,8388608,0.1,Bzip2,888092,0.10586881637573242,0.111195792
1024,8388608,0.1,LZ4Fast,1359544,0.16207027435302734,0.00432875
1024,8388608,0.1,LZ4Frame,1193759,0.14230716228485107,0.004395667
1024,8388608,0.1,Xz,925528,0.11033153533935547,1.154276375
1024,8388608,0.1,Zlib,1013243,0.12078797817230225,0.061012625
1024,8388608,0.1,Zstd,1031172,0.1229252815246582,0.01277975
1024,8388608,0.15,Bzip2,1323396,0.1577610969543457,0.142305583
1024,8388608,0.15,LZ4Fast,1925612,0.22955083847045898,0.059287833
1024,8388608,0.15,LZ4Frame,1742127,0.2076777219772339,0.005604875
1024,8388608,0.15,Xz,1355624,0.16160297393798828,1.524800666
1024,8388608,0.15,Zlib,1479199,0.17633426189422607,0.069566917
1024,8388608,0.15,Zstd,1501961,0.17904770374298096,0.0136585
1024,8388608,0.2,Bzip2,1744652,0.2079787254333496,0.17120975
1024,8388608,0.2,LZ4Fast,2446264,0.29161739349365234,0.007741125
1024,8388608,0.2,LZ4Frame,2249717,0.26818716526031494,0.006281042
1024,8388608,0.2,Xz,1765636,0.2104802131652832,1.770985917
1024,8388608,0.2,Zlib,1921215,0.2290266752243042,0.083220584
1024,8388608,0.2,Zstd,1947664,0.2321796417236328,0.015986459
1024,8388608,0.25,Bzip2,2165661,0.2581669092178345,0.201310792
1024,8388608,0.25,LZ4Fast,2943917,0.3509422540664673,0.009511167
1024,8388608,0.25,LZ4Frame,2738823,0.32649314403533936,0.007157583
1024,8388608,0.25,Xz,2171704,0.25888729095458984,1.919545292
1024,8388608,0.25,Zlib,2355448,0.2807912826538086,0.099056167
1024,8388608,0.25,Zstd,2385461,0.2843691110610962,0.019891625
1024,8388608,0.3,Bzip2,2581228,0.307706356048584,0.245473667
1024,8388608,0.3,LZ4Fast,3412713,0.40682709217071533,0.016219333
1024,8388608,0.3,LZ4Frame,3205209,0.38209068775177,0.007966541
1024,8388608,0.3,Xz,2570960,0.30648231506347656,2.03500475
1024,8388608,0.3,Zlib,2777967,0.33115947246551514,0.162020541
1024,8388608,0.3,Zstd,2811782,0.3351905345916748,0.020394917
1024,8388608,0.35,Bzip2,2998973,0.3575054407119751,0.261424
1024,8388608,0.35,LZ4Fast,3872545,0.4616433382034302,0.012840125
1024,8388608,0.35,LZ4Frame,3663502,0.4367234706878662,0.00857675
1024,8388608,0.35,Xz,2974552,0.35459423065185547,2.109456667
1024,8388608,0.35,Zlib,3198271,0.3812636137008667,0.122812959
1024,8388608,0.35,Zstd,3236744,0.3858499526977539,0.022344875
1024,8388608,0.4,Bzip2,3418374,0.4075019359588623,0.293636083
1024,8388608,0.4,LZ4Fast,4314594,0.5143396854400635,0.014538792
1024,8388608,0.4,LZ4Frame,4108109,0.4897247552871704,0.008841375
1024,8388608,0.4,Xz,3379996,0.4029269218444824,2.088567042
1024,8388608,0.4,Zlib,3612561,0.43065083026885986,0.135888
1024,8388608,0.4,Zstd,3659886,0.4362924098968506,0.024010042
1024,8388608,0.45,Bzip2,3834959,0.4571627378463745,0.374231833
1024,8388608,0.45,LZ4Fast,4741719,0.5652569532394409,0.015823375
1024,8388608,0.45,LZ4Frame,4541147,0.5413469076156616,0.010020042
1024,8388608,0.45,Xz,3783980,0.45108556747436523,2.091056792
1024,8388608,0.45,Zlib,4021434,0.47939229011535645,0.147455167
1024,8388608,0.45,Zstd,4074504,0.4857187271118164,0.025267625
1024,8388608,0.5,Bzip2,4239422,0.5053784847259521,0.356408375
1024,8388608,0.5,LZ4Fast,5142428,0.6130251884460449,0.068746
1024,8388608,0.5,LZ4Frame,4951409,0.5902539491653442,0.0097255
1024,8388608,0.5,Xz,4174544,0.49764442443847656,2.016558041
1024,8388608,0.5,Zlib,4413907,0.5261787176132202,0.159330333
1024,8388608,0.5,Zstd,4419351,0.5268276929855347,0.027508375
1024,8388608,0.55,Bzip2,4653444,0.5547337532043457,0.379903708
1024,8388608,0.55,LZ4Fast,5544816,0.6609935760498047,0.018215458
1024,8388608,0.55,LZ4Frame,5363081,0.6393290758132935,0.065647792
1024,8388608,0.55,Xz,4574944,0.5453758239746094,1.951557625
1024,8388608,0.55,Zlib,4813822,0.5738523006439209,0.170168458
1024,8388608,0.55,Zstd,4816424,0.574162483215332,0.028306333
1024,8388608,0.6,Bzip2,5059530,0.6031429767608643,0.409149916
1024,8388608,0.6,LZ4Fast,5926608,0.7065067291259766,0.019145791
1024,8388608,0.6,LZ4Frame,5756586,0.6862385272979736,0.066132667
1024,8388608,0.6,Xz,4966696,0.592076301574707,1.872462125
1024,8388608,0.6,Zlib,5203166,0.6202657222747803,0.177113167
1024,8388608,0.6,Zstd,5202685,0.6202083826065063,0.029415292
1024,8388608,0.65,Bzip2,5457600,0.6505966186523438,0.438092416
1024,8388608,0.65,LZ4Fast,6289589,0.7497774362564087,0.020185708
1024,8388608,0.65,LZ4Frame,6133035,0.7311147451400757,0.065769875
1024,8388608,0.65,Xz,5358116,0.6387372016906738,1.821863708
1024,8388608,0.65,Zlib,5581638,0.6653831005096436,0.183769958
1024,8388608,0.65,Zstd,5577831,0.6649292707443237,0.030501791
1024,8388608,0.7,Bzip2,5860380,0.6986117362976074,0.463011917
1024,8388608,0.7,LZ4Fast,6646263,0.792296290397644,0.021466959
1024,8388608,0.7,LZ4Frame,6503601,0.7752896547317505,0.06554275
1024,8388608,0.7,Xz,5739576,0.6842107772827148,1.773852166
1024,8388608,0.7,Zlib,5962345,0.7107669115066528,0.190100291
1024,8388608,0.7,Zstd,5956255,0.7100409269332886,0.032539167
1024,8388608,0.75,Bzip2,6262308,0.7465252876281738,0.490167
1024,8388608,0.75,LZ4Fast,6991024,0.8333950042724609,0.021631167
1024,8388608,0.75,LZ4Frame,6863457,0.8181878328323364,0.014084834
1024,8388608,0.75,Xz,6121596,0.7297511100769043,1.759211083
1024,8388608,0.75,Zlib,6338434,0.7556002140045166,0.197317209
1024,8388608,0.75,Zstd,6328727,0.7544430494308472,0.033775125
1024,8388608,0.8,Bzip2,6652728,0.7930669784545898,0.516553458
1024,8388608,0.8,LZ4Fast,7314579,0.871965765953064,0.022328459
1024,8388608,0.8,LZ4Frame,7202872,0.8586492538452148,0.008586209
1024,8388608,0.8,Xz,6485556,0.7731385231018066,1.638350042
1024,8388608,0.8,Zlib,6696358,0.7982680797576904,0.256278458
1024,8388608,0.8,Zstd,6685497,0.7969733476638794,0.033231917
1024,8388608,0.85,Bzip2,7047205,0.8400923013687134,0.542252667
1024,8388608,0.85,LZ4Fast,7627515,0.9092706441879272,0.02132475
1024,8388608,0.85,LZ4Frame,7533230,0.8980309963226318,0.012228
1024,8388608,0.85,Xz,6851664,0.8167819976806641,1.620288792
1024,8388608,0.85,Zlib,7056809,0.8412371873855591,0.210464875
1024,8388608,0.85,Zstd,7043257,0.8396216630935669,0.035969583
1024,8388608,0.9,Bzip2,7450867,0.8882125616073608,0.568232625
1024,8388608,0.9,LZ4Fast,7930519,0.9453915357589722,0.019227458
1024,8388608,0.9,LZ4Frame,7854730,0.936356782913208,0.007216375
1024,8388608,0.9,Xz,7215120,0.8601093292236328,1.503214
1024,8388608,0.9,Zlib,7411220,0.883486270904541,0.269245958
1024,8388608,0.9,Zstd,7395437,0.881604790687561,0.034646667
1024,8388608,0.95,Bzip2,7841864,0.9348230361938477,0.590645334
1024,8388608,0.95,LZ4Fast,8224824,0.9804754257202148,0.014940042
1024,8388608,0.95,LZ4Frame,8168351,0.9737433195114136,0.005834791
1024,8388608,0.95,Xz,7567076,0.9020657539367676,1.504123375
1024,8388608,0.95,Zlib,7755267,0.9244998693466187,0.2242945
1024,8388608,0.95,Zstd,7738420,0.9224915504455566,0.035042042
1024,8388608,1.0,Bzip2,8192159,0.9765814542770386,0.614854167
1024,8388608,1.0,LZ4Fast,8462336,1.0087890625,0.006308917
1024,8388608,1.0,LZ4Frame,8389131,1.000062346458435,0.007756417
1024,8388608,1.0,Xz,7924824,0.9447126388549805,1.464077875
1024,8388608,1.0,Zlib,8058923,0.9606984853744507,0.226504584
1024,8388608,1.0,Zstd,8040162,0.9584619998931885,0.008223834
2048,33554432,0.05,Bzip2,1821354,0.05428057909011841,0.325017708
2048,33554432,0.05,LZ4Fast,3073936,0.09161043167114258,0.065662917
2048,33554432,0.05,LZ4Frame,2517166,0.07501739263534546,0.011566333
2048,33554432,0.05,Xz,1952360,0.05818486213684082,2.637785208
2048,33554432,0.05,Zlib,2149167,0.06405016779899597,0.181256541
2048,33554432,0.05,Zstd,2186819,0.06517228484153748,0.030345209
2048,33554432,0.1,Bzip2,3555091,0.10594996809959412,0.442170792
2048,33554432,0.1,LZ4Fast,5441631,0.16217324137687683,0.077376917
2048,33554432,0.1,LZ4Frame,4783061,0.14254632592201233,0.01836625
2048,33554432,0.1,Xz,3716348,0.1107558012008667,4.698352125
2048,33554432,0.1,Zlib,4058743,0.12095996737480164,0.239497625
2048,33554432,0.1,Zstd,4134333,0.12321272492408752,0.044317917
2048,33554432,0.15,Bzip2,5279069,0.1573285162448883,0.580983083
2048,33554432,0.15,LZ4Fast,7682802,0.22896534204483032,0.083111292
2048,33554432,0.15,LZ4Frame,6949687,0.20711681246757507,0.022166708
2048,33554432,0.15,Xz,5423584,0.1616353988647461,6.400864292
2048,33554432,0.15,Zlib,5902952,0.17592167854309082,0.28390675
2048,33554432,0.15,Zstd,6001600,0.1788616180419922,0.0551565
2048,33554432,0.2,Bzip2,6980089,0.2080228626728058,0.693061167
2048,33554432,0.2,LZ4Fast,9789370,0.29174596071243286,0.083111708
2048,33554432,0.2,LZ4Frame,9002840,0.26830554008483887,0.026125375
2048,33554432,0.2,Xz,7077168,0.21091604232788086,7.68230125
2048,33554432,0.2,Zlib,7686090,0.22906333208084106,0.331203625
2048,33554432,0.2,Zstd,7801772,0.23251092433929443,0.065102875
2048,33554432,0.25,Bzip2,8670573,0.2584032118320465,0.810538333
2048,33554432,0.25,LZ4Fast,11784304,0.3511996269226074,0.091550958
2048,33554432,0.25,LZ4Frame,10965975,0.3268115222454071,0.029902916
2048,33554432,0.25,Xz,8702948,0.25936806201934814,8.613907708
2048,33554432,0.25,Zlib,9429235,0.2810131013393402,0.3838725
2048,33554432,0.25,Zstd,9559019,0.28488096594810486,0.073810041
2048,33554432,0.3,Bzip2,10352931,0.3085413873195648,0.931937583
2048,33554432,0.3,LZ4Fast,13686709,0.4078957140445709,0.097319584
2048,33554432,0.3,LZ4Frame,12851668,0.38300955295562744,0.032922708
2048,33554432,0.3,Xz,10315536,0.30742692947387695,9.119486333
2048,33554432,0.3,Zlib,11140236,0.3320049047470093,0.454443542
2048,33554432,0.3,Zstd,11285355,0.33632978796958923,0.082212667
2048,33554432,0.35,Bzip2,12012812,0.3580096960067749,1.062081625
2048,33554432,0.35,LZ4Fast,15502978,0.4620247483253479,0.105245666
2048,33554432,0.35,LZ4Frame,14665904,0.43707799911499023,0.034777958
2048,33554432,0.35,Xz,11913524,0.3550506830215454,9.36847875
2048,33554432,0.35,Zlib,12808112,0.381711483001709,0.492358709
2048,33554432,0.35,Zstd,12973781,0.3866488039493561,0.090071791
2048,33554432,0.4,Bzip2,13678149,0.40764060616493225,1.172562334
2048,33554432,0.4,LZ4Fast,17264921,0.5145347416400909,0.110922542
2048,33554432,0.4,LZ4Frame,16440570,0.4899671673774719,0.035767375
2048,33554432,0.4,Xz,13521644,0.402976393699646,9.523411208
2048,33554432,0.4,Zlib,14457927,0.4308798015117645,0.544086
2048,33554432,0.4,Zstd,14655797,0.4367767870426178,0.095434459
2048,33554432,0.45,Bzip2,15321038,0.4566025137901306,1.289496917
2048,33554432,0.45,LZ4Fast,18950471,0.5647680461406708,0.116635333
2048,33554432,0.45,LZ4Frame,18147958,0.5408512949943542,0.039101958
2048,33554432,0.45,Xz,15112476,0.4503868818283081,9.549041125
2048,33554432,0.45,Zlib,16068817,0.47888806462287903,0.597355416
2048,33554432,0.45,Zstd,16299526,0.4857637286186218,0.101575208
2048,33554432,0.5,Bzip2,16960933,0.5054751932621002,1.407737792
2048,33554432,0.5,LZ4Fast,20579071,0.6133041083812714,0.122219333
2048,33554432,0.5,LZ4Frame,19811378,0.5904250741004944,0.039552875
2048,33554432,0.5,Xz,16698356,0.49764978885650635,9.469481542
2048,33554432,0.5,Zlib,17660595,0.5263267457485199,0.637491292
2048,33554432,0.5,Zstd,17691206,0.5272390246391296,0.112744542
2048,33554432,0.55,Bzip2,18585590,0.5538937449455261,1.580914084
2048,33554432,0.55,LZ4Fast,22150174,0.6601266264915466,0.073624583
2048,33554432,0.55,LZ4Frame,21420084,0.6383682489395142,0.03925975
2048,33554432,0.55,Xz,18268216,0.5444352626800537,9.456380375
2048,33554432,0.55,Zlib,19226267,0.5729874074459076,0.672269042
2048,33554432,0.55,Zstd,19244670,0.5735358595848083,0.11548125
2048,33554432,0.6,Bzip2,20223192,0.6026980876922607,1.697679167
2048,33554432,0.6,LZ4Fast,23688145,0.7059617340564728,0.077605042
2048,33554432,0.6,LZ4Frame,23008383,0.6857032477855682,0.039057125
2048,33554432,0.6,Xz,19846976,0.5914859771728516,9.272877625
2048,33554432,0.6,Zlib,20795269,0.6197473108768463,0.705529208
2048,33554432,0.6,Zstd,20800295,0.6198970973491669,0.119520542
2048,33554432,0.65,Bzip2,21838938,0.6508510708808899,1.800587625
2048,33554432,0.65,LZ4Fast,25163854,0.7499412894248962,0.081437042
2048,33554432,0.65,LZ4Frame,24536321,0.7312393486499786,0.0381385
2048,33554432,0.65,Xz,21393860,0.6375867128372192,9.150702583
2048,33554432,0.65,Zlib,22333942,0.6656033396720886,0.735819708
2048,33554432,0.65,Zstd,22324327,0.6653167903423309,0.124099167
2048,33554432,0.7,Bzip2,23452091,0.6989267766475677,1.913305042
2048,33554432,0.7,LZ4Fast,26593602,0.7925511002540588,0.084698959
2048,33554432,0.7,LZ4Frame,26021786,0.7755096554756165,0.037128416
2048,33554432,0.7,Xz,22958520,0.6842172145843506,9.085178125
2048,33554432,0.7,Zlib,23858358,0.7110344767570496,0.762798208
2048,33554432,0.7,Zstd,23837633,0.7104168236255646,0.128927417
2048,33554432,0.75,Bzip2,25021899,0.745710700750351,2.0125295
2048,33554432,0.75,LZ4Fast,27943059,0.832768052816391,0.086610292
2048,33554432,0.75,LZ4Frame,27432077,0.8175396025180817,0.035835166
2048,33554432,0.75,Xz,24380972,0.7266095876693726,8.905100458
2048,33554432,0.75,Zlib,25327837,0.7548283636569977,0.789827625
2048,33554432,0.75,Zstd,25292684,0.753780722618103,0.133553375
2048,33554432,0.8,Bzip2,26628454,0.7935897707939148,2.06620125
2048,33554432,0.8,LZ4Fast,29272580,0.872390866279602,0.087404375
2048,33554432,0.8,LZ4Frame,28825486,0.8590664267539978,0.090721792
2048,33554432,0.8,Xz,25860728,0.770709753036499,8.705497708
2048,33554432,0.8,Zlib,26803725,0.7988132536411285,0.812994875
2048,33554432,0.8,Zstd,26762161,0.7975745499134064,0.137281625
2048,33554432,0.85,Bzip2,28200392,0.8404371738433838,2.223330542
2048,33554432,0.85,LZ4Fast,30525009,0.9097161591053009,0.084365292
2048,33554432,0.85,LZ4Frame,30148311,0.8984896838665009,0.032639375
2048,33554432,0.85,Xz,27295188,0.8134599924087524,8.567247125
2048,33554432,0.85,Zlib,28239744,0.8416099548339844,0.841969958
2048,33554432,0.85,Zstd,28188591,0.8400854766368866,0.140931125
2048,33554432,0.9,Bzip2,29815902,0.8885831236839294,2.255613917
2048,33554432,0.9,LZ4Fast,31730204,0.9456337690353394,0.077444583
2048,33554432,0.9,LZ4Frame,31429920,0.9366846084594727,0.085852959
2048,33554432,0.9,Xz,28771640,0.85746169090271,8.38337925
2048,33554432,0.9,Zlib,29654963,0.8837867677211761,0.872135875
2048,33554432,0.9,Zstd,29593635,0.8819590508937836,0.143334209
2048,33554432,0.95,Bzip2,31358574,0.9345583319664001,2.412299375
2048,33554432,0.95,LZ4Fast,32896577,0.9803943932056427,0.060581125
2048,33554432,0.95,LZ4Frame,32668466,0.9735961556434631,0.023919833
2048,33554432,0.95,Xz,30172852,0.8992210626602173,8.280796459
2048,33554432,0.95,Zlib,31013065,0.9242613613605499,0.901321958
2048,33554432,0.95,Zstd,30946233,0.9222696125507355,0.134876708
2048,33554432,1.0,Bzip2,32771538,0.9766679406166077,2.468779292
2048,33554432,1.0,LZ4Fast,33849344,1.0087890625,0.027197458
2048,33554432,1.0,LZ4Frame,33556491,1.0000613629817963,0.067575125
2048,33554432,1.0,Xz,31505552,0.9389386177062988,8.124735542
2048,33554432,1.0,Zlib,32234727,0.9606697261333466,0.907620125
2048,33554432,1.0,Zstd,32159321,0.95842245221138,0.03144625
4096,134217728,0.05,Bzip2,7266948,0.05414298176765442,1.288070833
4096,134217728,0.05,LZ4Fast,12285233,0.09153211861848831,0.108531208
4096,134217728,0.05,LZ4Frame,10058932,0.0749448835849762,0.053718834
4096,134217728,0.05,Xz,7795504,0.05808103084564209,10.533240875
4096,134217728,0.05,Zlib,8584517,0.06395963579416275,0.723263625
4096,134217728,0.05,Zstd,8737277,0.06509778648614883,0.11647175
4096,134217728,0.1,Bzip2,14239467,0.10609229654073715,1.773786625
4096,134217728,0.1,LZ4Fast,21792238,0.16236482560634613,0.137314292
4096,134217728,0.1,LZ4Frame,19159315,0.14274802058935165,0.122397917
4096,134217728,0.1,Xz,14830296,0.11049431562423706,18.995345916
4096,134217728,0.1,Zlib,16253957,0.12110141664743423,0.913045833
4096,134217728,0.1,Zstd,16559864,0.12338060140609741,0.178783125
4096,134217728,0.15,Bzip2,21114408,0.15731459856033325,2.26147375
4096,134217728,0.15,LZ4Fast,30738339,0.22901847213506699,0.162376917
4096,134217728,0.15,LZ4Frame,27803540,0.20715251564979553,0.135686042
4096,134217728,0.15,Xz,21704812,0.16171345114707947,26.025234709
4096,134217728,0.15,Zlib,23610535,0.17591219395399094,1.113936209
4096,134217728,0.15,Zstd,24014122,0.17891915142536163,0.219300417
4096,134217728,0.2,Bzip2,27938877,0.2081608548760414,2.76684275
4096,134217728,0.2,LZ4Fast,39173126,0.29186253249645233,0.237479834
4096,134217728,0.2,LZ4Frame,36026734,0.268420085310936,0.100922791
4096,134217728,0.2,Xz,28339684,0.21114709973335266,31.19433225
4096,134217728,0.2,Zlib,30761142,0.22918836772441864,1.321738542
4096,134217728,0.2,Zstd,31233600,0.23270845413208008,0.264635708
4096,134217728,0.25,Bzip2,34680314,0.2583884745836258,3.230538584
4096,134217728,0.25,LZ4Fast,47132071,0.35116129368543625,0.269489041
4096,134217728,0.25,LZ4Frame,43856551,0.3267567679286003,0.118011375
4096,134217728,0.25,Xz,34810548,0.25935879349708557,35.007062958
4096,134217728,0.25,Zlib,37713218,0.28098537027835846,1.535565708
4096,134217728,0.25,Zstd,38243853,0.28493890911340714,0.295128833
4096,134217728,0.3,Bzip2,41371181,0.30823931843042374,3.733163
4096,134217728,0.3,LZ4Fast,54710902,0.40762798488140106,0.297988584
4096,134217728,0.3,LZ4Frame,51373353,0.38276130706071854,0.128368125
4096,134217728,0.3,Xz,41232508,0.3072061240673065,37.385972917
4096,134217728,0.3,Zlib,44524052,0.33173003792762756,1.773959667
4096,134217728,0.3,Zstd,45113009,0.33611810952425003,0.32858275
4096,134217728,0.35,Bzip2,48075411,0.3581897243857384,4.200620292
4096,134217728,0.35,LZ4Fast,62040487,0.462237648665905,0.321463208
4096,134217728,0.35,LZ4Frame,58697408,0.4373297691345215,0.135352583
4096,134217728,0.35,Xz,47678436,0.35523203015327454,38.742306542
4096,134217728,0.35,Zlib,51258498,0.38190557062625885,1.994898708
4096,134217728,0.35,Zstd,51932718,0.38692890107631683,0.358600791
4096,134217728,0.4,Bzip2,54691786,0.40748555958271027,4.70127825
4096,134217728,0.4,LZ4Fast,69042237,0.5144047513604164,0.3493435
4096,134217728,0.4,LZ4Frame,65741067,0.4898091182112694,0.143165416
4096,134217728,0.4,Xz,54064448,0.40281152725219727,39.450881458
4096,134217728,0.4,Zlib,57813315,0.4307427629828453,2.192787458
4096,134217728,0.4,Zstd,58613309,0.4367031827569008,0.389570084
4096,134217728,0.45,Bzip2,61308920,0.4567870497703552,5.184897291
4096,134217728,0.45,LZ4Fast,75811400,0.5648389458656311,0.320176708
4096,134217728,0.45,LZ4Frame,72606657,0.5409617498517036,0.209722875
4096,134217728,0.45,Xz,60464456,0.45049530267715454,39.767242666
4096,134217728,0.45,Zlib,64295963,0.47904225438833237,2.385788875
4096,134217728,0.45,Zstd,65215904,0.48589634895324707,0.412920042
4096,134217728,0.5,Bzip2,67871126,0.5056792944669724,5.707746625
4096,134217728,0.5,LZ4Fast,82346040,0.6135258078575134,0.283938167
4096,134217728,0.5,LZ4Frame,79267990,0.590592548251152,0.20918575
4096,134217728,0.5,Xz,66922600,0.4986122250556946,40.491962792
4096,134217728,0.5,Zlib,70668625,0.5265222862362862,2.591605083
4096,134217728,0.5,Zstd,70801620,0.527513176202774,0.449921834
4096,134217728,0.55,Bzip2,74384231,0.5542057082056999,6.270189792
4096,134217728,0.55,LZ4Fast,88643139,0.6604428514838219,0.306187875
4096,134217728,0.55,LZ4Frame,85731191,0.6387471482157707,0.214944584
4096,134217728,0.55,Xz,73191900,0.5453221499919891,40.994483833
4096,134217728,0.55,Zlib,76949010,0.5733148008584976,2.721602833
4096,134217728,0.55,Zstd,77028522,0.5739072114229202,0.472330333
4096,134217728,0.6,Bzip2,80882257,0.6026197746396065,6.663439042
4096,134217728,0.6,LZ4Fast,94752457,0.7059608176350594,0.377478541
4096,134217728,0.6,LZ4Frame,92030191,0.6856783553957939,0.1575925
4096,134217728,0.6,Xz,79378152,0.5914133191108704,38.951097875
4096,134217728,0.6,Zlib,83171932,0.619679182767868,2.85030775
4096,134217728,0.6,Zstd,83197672,0.6198709607124329,0.495187
4096,134217728,0.65,Bzip2,87344460,0.6507669389247894,7.162723667
4096,134217728,0.65,LZ4Fast,100644351,0.7498588487505913,0.3392945
4096,134217728,0.65,LZ4Frame,98134318,0.7311576455831528,0.205700292
4096,134217728,0.65,Xz,85540784,0.6373285055160522,39.171272834
4096,134217728,0.65,Zlib,89327315,0.6655403599143028,2.964035167
4096,134217728,0.65,Zstd,89295297,0.6653018072247505,0.499927917
4096,134217728,0.7,Bzip2,93799280,0.6988590955734253,7.502970041
4096,134217728,0.7,LZ4Fast,106360513,0.7924475744366646,0.401051
4096,134217728,0.7,LZ4Frame,104080320,0.775458812713623,0.14811725
4096,134217728,0.7,Xz,91466200,0.6814762949943542,39.207861959
4096,134217728,0.7,Zlib,95425558,0.7109758108854294,3.066347167
4096,134217728,0.7,Zstd,95346979,0.7103903517127037,0.530086916
4096,134217728,0.75,Bzip2,100183215,0.7464231178164482,7.957787583
4096,134217728,0.75,LZ4Fast,111846066,0.8333181291818619,0.409720291
4096,134217728,0.75,LZ4Frame,109807589,0.8181302919983864,0.154161958
4096,134217728,0.75,Xz,97458000,0.7261186838150024,37.645252083
4096,134217728,0.75,Zlib,101394627,0.7554488405585289,3.169456083
4096,134217728,0.75,Zstd,101254694,0.7544062584638596,0.550780583
4096,134217728,0.8,Bzip2,106511013,0.7935688868165016,8.395934666
4096,134217728,0.8,LZ4Fast,117082019,0.872329019010067,0.410651833
4096,134217728,0.8,LZ4Frame,115298039,0.8590373322367668,0.141303833
4096,134217728,0.8,Xz,103301032,0.7696526646614075,36.933304042
4096,134217728,0.8,Zlib,107208476,0.7987653911113739,3.276834958
4096,134217728,0.8,Zstd,107044127,0.7975408956408501,0.57013025
4096,134217728,0.85,Bzip2,112820083,0.8405751213431358,8.781567542
4096,134217728,0.85,LZ4Fast,122109505,0.9097867086529732,0.400738833
4096,134217728,0.85,LZ4Frame,120604384,0.8985726833343506,0.130379916
4096,134217728,0.85,Xz,109092632,0.8128034472465515,36.711152083
4096,134217728,0.85,Zlib,112973025,0.8417146280407906,3.381513959
4096,134217728,0.85,Zstd,112768416,0.8401901721954346,0.590690417
4096,134217728,0.9,Bzip2,119252614,0.8885012120008469,9.07511225
4096,134217728,0.9,LZ4Fast,126913905,0.945582278072834,0.366852583
4096,134217728,0.9,LZ4Frame,125712922,0.9366342574357986,0.117723583
4096,134217728,0.9,Xz,114756136,0.854999840259552,36.123237292
4096,134217728,0.9,Zlib,118608880,0.8837050199508667,3.481817125
4096,134217728,0.9,Zstd,118363258,0.8818749934434891,0.590556875
4096,134217728,0.95,Bzip2,125457228,0.9347291886806488,9.531080084
4096,134217728,0.95,LZ4Fast,131597466,0.9804775267839432,0.3048235
4096,134217728,0.95,LZ4Frame,130687713,0.9736993387341499,0.098491875
4096,134217728,0.95,Xz,120351092,0.8966855108737946,35.334017791
4096,134217728,0.95,Zlib,124069455,0.924389474093914,3.603781459
4096,134217728,0.95,Zstd,123801858,0.922395721077919,0.559797834
4096,134217728,1.0,Bzip2,131082228,0.9766387045383453,10.093175583
4096,134217728,1.0,LZ4Fast,135397376,1.0087890625,0.164025459
4096,134217728,1.0,LZ4Frame,134225931,1.0000611171126366,0.044625583
4096,134217728,1.0,Xz,125521664,0.9352092742919922,34.969279417
4096,134217728,1.0,Zlib,128939461,0.9606738463044167,3.635184417
4096,134217728,1.0,Zstd,128636886,0.9584194868803024,0.127560042
